"Time (s)";"Magnetic Field x (µT)";"Magnetic Field y (µT)";"Magnetic Field z (µT)";"Absolute field (µT)"
3,966095834E-2;-1,224537659E1;-4,251370239E1;-1,134439087E1;4,567339864E1
4,970295835E-2;-1,231840515E1;-4,254917908E1;-1,157067871E1;4,578270800E1
5,974395832E-2;-1,233438110E1;-4,238106537E1;-1,156930542E1;4,563047761E1
6,978595833E-2;-1,273710632E1;-4,234704590E1;-1,175393677E1;4,575654274E1
7,982795834E-2;-1,283439636E1;-4,235601044E1;-1,167855835E1;4,577272196E1
8,986995835E-2;-1,288227844E1;-4,234788513E1;-1,168051147E1;4,577915269E1
9,991095832E-2;-1,288545227E1;-4,253240204E1;-1,172912598E1;4,596316459E1
1,099529583E-1;-1,306130981E1;-4,241197968E1;-1,176480103E1;4,591061290E1
1,199949583E-1;-1,307812500E1;-4,203725433E1;-1,170846558E1;4,555498075E1
1,300369583E-1;-1,311480713E1;-4,222705841E1;-1,224716187E1;4,588153879E1
1,400779583E-1;-1,315280151E1;-4,237189484E1;-1,189990234E1;4,593453315E1
1,501199583E-1;-1,315527344E1;-4,250326538E1;-1,176126099E1;4,602082189E1
1,601619583E-1;-1,340023804E1;-4,228440857E1;-1,164990234E1;4,586128882E1
1,702039583E-1;-1,389054871E1;-4,247026825E1;-1,148229980E1;4,613582380E1
1,802459583E-1;-1,391032410E1;-4,230972290E1;-1,188363647E1;4,609588468E1
1,902869583E-1;-1,392573547E1;-4,232817078E1;-1,201458740E1;4,615138633E1
2,003289583E-1;-1,376811218E1;-4,221292877E1;-1,176101685E1;4,593270932E1
2,103709583E-1;-1,400224304E1;-4,203279877E1;-1,153616333E1;4,578102278E1
2,204129583E-1;-1,404733276E1;-4,200757599E1;-1,164880371E1;4,580020334E1
2,304539583E-1;-1,445214844E1;-4,212078094E1;-1,180761719E1;4,606999680E1
2,404959583E-1;-1,454267883E1;-4,204264069E1;-1,170678711E1;4,600132615E1
2,505379583E-1;-1,474314880E1;-4,206051636E1;-1,142782593E1;4,601133206E1
2,605799583E-1;-1,461653137E1;-4,174470520E1;-1,177023315E1;4,576900469E1
2,706219583E-1;-1,504884338E1;-4,166695404E1;-1,126577759E1;4,571127313E1
2,806629583E-1;-1,490261841E1;-4,178623962E1;-1,094799805E1;4,569503823E1
2,907049583E-1;-1,532283020E1;-4,202626038E1;-1,138006592E1;4,615735680E1
3,007469583E-1;-1,550070190E1;-4,196642303E1;-1,123907471E1;4,612774894E1
3,107889583E-1;-1,543513489E1;-4,193229675E1;-1,069961548E1;4,594608440E1
3,208309583E-1;-1,562814331E1;-4,180931854E1;-1,070352173E1;4,590014551E1
3,308719583E-1;-1,570939636E1;-4,200992584E1;-1,043380737E1;4,604870617E1
3,409139583E-1;-1,579277039E1;-4,176177979E1;-1,081958008E1;4,594040880E1
3,509559583E-1;-1,615373230E1;-4,168334961E1;-1,053649902E1;4,592888539E1
3,609979583E-1;-1,601684570E1;-4,200037384E1;-1,063931274E1;4,619270207E1
3,710389583E-1;-1,645840454E1;-4,180319214E1;-1,041735840E1;4,611840532E1
3,810809583E-1;-1,654223633E1;-4,185604095E1;-1,087020874E1;4,630048796E1
3,911229583E-1;-1,658114624E1;-4,175606537E1;-1,034396362E1;4,610315596E1
4,011649583E-1;-1,666610718E1;-4,176834106E1;-1,065835571E1;4,621638227E1
4,112069583E-1;-1,665014648E1;-4,166864777E1;-1,031552124E1;4,604251908E1
4,212479583E-1;-1,668751526E1;-4,159126282E1;-1,022756958E1;4,596639520E1
4,312899583E-1;-1,676986694E1;-4,158274841E1;-1,040310669E1;4,602801355E1
4,413319583E-1;-1,668948364E1;-4,156959534E1;-1,012612915E1;4,592503252E1
4,513739583E-1;-1,659996033E1;-4,139182281E1;-9,996124268E0;4,570299967E1
4,614149583E-1;-1,674539185E1;-4,159072876E1;-1,018405151E1;4,597729627E1
4,714569583E-1;-1,685501099E1;-4,163389587E1;-1,003125000E1;4,602280584E1
4,814989583E-1;-1,669671631E1;-4,179212189E1;-1,026196289E1;4,615917752E1
4,915409583E-1;-1,693296814E1;-4,130593109E1;-1,010748291E1;4,577189710E1
5,015829583E-1;-1,695881653E1;-4,149887848E1;-9,675567627E0;4,586256624E1
5,116239583E-1;-1,701693726E1;-4,183329773E1;-9,694335938E0;4,619070363E1
5,216659583E-1;-1,701557922E1;-4,170648956E1;-9,883605957E0;4,611558169E1
5,317079583E-1;-1,712086487E1;-4,161888123E1;-9,944915771E0;4,608857383E1
5,417499583E-1;-1,698974609E1;-4,150702667E1;-9,851318359E0;4,591876750E1
5,517919583E-1;-1,710020447E1;-4,157170105E1;-9,711822510E0;4,598850745E1
5,618329583E-1;-1,698199463E1;-4,154266357E1;-9,798461914E0;4,593681415E1
5,718749583E-1;-1,702101135E1;-4,144859314E1;-9,393951416E0;4,578151400E1
5,819169583E-1;-1,697314453E1;-4,180324554E1;-9,749542236E0;4,615899205E1
5,919589583E-1;-1,699021912E1;-4,186789703E1;-9,944915771E0;4,626542659E1
6,019999583E-1;-1,673480225E1;-4,161161804E1;-9,617614746E0;4,587023954E1
6,120419583E-1;-1,706669617E1;-4,168622589E1;-9,881683350E0;4,611573715E1
6,220839583E-1;-1,697270203E1;-4,158461761E1;-9,534698486E0;4,591583073E1
6,321259583E-1;-1,699565125E1;-4,152031708E1;-9,627777100E0;4,588554220E1
6,421679583E-1;-1,683918762E1;-4,172818756E1;-9,647155762E0;4,602029434E1
6,522089583E-1;-1,714506531E1;-4,164978790E1;-9,820556641E0;4,609882243E1
6,622509583E-1;-1,695361328E1;-4,166365814E1;-9,495910645E0;4,597235835E1
6,722929583E-1;-1,693495178E1;-4,161141205E1;-9,315216064E0;4,588110128E1
6,823349583E-1;-1,691180420E1;-4,177438354E1;-9,509826660E0;4,606023279E1
6,923769583E-1;-1,684446716E1;-4,197746277E1;-9,719940186E0;4,626360007E1
7,024179583E-1;-1,641183472E1;-4,191157532E1;-9,490478516E0;4,599997442E1
7,124599583E-1;-1,665252686E1;-4,205889130E1;-9,418701172E0;4,620572388E1
7,225019583E-1;-1,649670410E1;-4,189147949E1;-9,604217529E0;4,603561985E1
7,325439583E-1;-1,687805176E1;-4,192360687E1;-9,522644043E0;4,618590904E1
7,425859583E-1;-1,670330811E1;-4,207360077E1;-9,268127441E0;4,620699698E1
7,526269583E-1;-1,673794556E1;-4,206694031E1;-9,021270752E0;4,616459265E1
7,626689583E-1;-1,660836792E1;-4,201696777E1;-9,047607422E0;4,607735524E1
7,727109583E-1;-1,654620361E1;-4,181756592E1;-8,915405273E0;4,584724773E1
7,827529583E-1;-1,634709167E1;-4,204663086E1;-9,254119873E0;4,605198484E1
7,927939583E-1;-1,635038757E1;-4,196154022E1;-9,305084229E0;4,598576545E1
8,028359583E-1;-1,633049011E1;-4,210462189E1;-9,067657471E0;4,606198545E1
8,128779583E-1;-1,676850891E1;-4,182115173E1;-8,850921631E0;4,591873732E1
8,229199583E-1;-1,642321777E1;-4,181980896E1;-8,884796143E0;4,579910595E1
8,329628750E-1;-1,649177551E1;-4,195022583E1;-9,039947510E0;4,597304382E1
8,430038750E-1;-1,611267090E1;-4,192019653E1;-9,417694092E0;4,588696986E1
8,530458750E-1;-1,643148804E1;-4,182285309E1;-8,750457764E0;4,577898372E1
8,630878750E-1;-1,619918823E1;-4,188269043E1;-9,146392822E0;4,582826594E1
8,731298750E-1;-1,637628174E1;-4,193441010E1;-8,976165771E0;4,590478086E1
8,831718750E-1;-1,641645813E1;-4,226555634E1;-9,227447510E0;4,627119123E1
8,932128750E-1;-1,628079224E1;-4,210490417E1;-9,116943359E0;4,605437881E1
9,032548750E-1;-1,617610168E1;-4,208653259E1;-8,892761230E0;4,595675896E1
9,132968750E-1;-1,642832947E1;-4,234822083E1;-8,732788086E0;4,625498248E1
9,233388750E-1;-1,635334778E1;-4,228109741E1;-8,816497803E0;4,618283031E1
9,333808750E-1;-1,652230835E1;-4,236731720E1;-8,556549072E0;4,627300262E1
9,434218750E-1;-1,627874756E1;-4,209040833E1;-8,733001709E0;4,596591578E1
9,534638750E-1;-1,639906311E1;-4,212284088E1;-8,594696045E0;4,601230047E1
9,635058750E-1;-1,634768677E1;-4,236573029E1;-9,247009277E0;4,634230406E1
9,735478750E-1;-1,652336121E1;-4,214895630E1;-8,971435547E0;4,615238497E1
9,835888750E-1;-1,645932007E1;-4,215412903E1;-9,241577148E0;4,618751519E1
9,936308750E-1;-1,677388000E1;-4,210719299E1;-9,348785400E0;4,627935329E1
1,003672875E0;-1,649830627E1;-4,222469330E1;-9,359344482E0;4,628948221E1
1,013714875E0;-1,639593506E1;-4,210203552E1;-8,939819336E0;4,605788153E1
1,023756875E0;-1,631111145E1;-4,220127106E1;-8,956176758E0;4,612171655E1
1,033797875E0;-1,623287964E1;-4,211463928E1;-8,817138672E0;4,598794579E1
1,043839875E0;-1,609693909E1;-4,202927399E1;-8,924682617E0;4,588269041E1
1,053881875E0;-1,629980469E1;-4,218771362E1;-8,485931396E0;4,601627805E1
1,063923875E0;-1,608666992E1;-4,218685150E1;-8,674743652E0;4,597567364E1
1,073965875E0;-1,633856201E1;-4,209896088E1;-8,856689453E0;4,601860562E1
1,084006875E0;-1,628276062E1;-4,228626251E1;-8,806976318E0;4,616079638E1
1,094048875E0;-1,648272705E1;-4,225335693E1;-8,764343262E0;4,619350794E1
1,104090875E0;-1,641262817E1;-4,213638306E1;-8,670166016E0;4,604368490E1
1,114132875E0;-1,646769714E1;-4,209177399E1;-8,982971191E0;4,608249405E1
1,124174875E0;-1,618110657E1;-4,202623749E1;-9,158843994E0;4,595560108E1
1,134215875E0;-1,626937866E1;-4,219379425E1;-8,248687744E0;4,596792148E1
1,144257875E0;-1,635546875E1;-4,233159637E1;-8,783905029E0;4,622361298E1
1,154299875E0;-1,616210938E1;-4,205902100E1;-8,911743164E0;4,593031888E1
1,164341875E0;-1,618041992E1;-4,230610657E1;-8,866638184E0;4,615441381E1
1,174383875E0;-1,600389099E1;-4,206241608E1;-8,513580322E0;4,580231897E1
1,184424875E0;-1,593957520E1;-4,208284760E1;-8,587066650E0;4,581237641E1
1,194466875E0;-1,625488281E1;-4,247219086E1;-8,557922363E0;4,627468257E1
1,204508875E0;-1,572964478E1;-4,202008820E1;-8,979888916E0;4,575749055E1
1,214550875E0;-1,598970032E1;-4,244146729E1;-8,967742920E0;4,623168907E1
1,224592875E0;-1,584611511E1;-4,239714050E1;-9,029083252E0;4,615345308E1
1,234633875E0;-1,600691223E1;-4,225895691E1;-8,562957764E0;4,599309648E1
1,244675875E0;-1,613862610E1;-4,237571716E1;-9,271636963E0;4,628304127E1
1,254717875E0;-1,621083069E1;-4,227047729E1;-9,074981689E0;4,617293119E1
1,264759875E0;-1,593785095E1;-4,239492798E1;-9,238922119E0;4,622448154E1
1,274801875E0;-1,593742371E1;-4,219149017E1;-8,741271973E0;4,594053932E1
1,284842875E0;-1,604722595E1;-4,227317047E1;-9,424468994E0;4,618825628E1
1,294884875E0;-1,612281799E1;-4,238795471E1;-8,969299316E0;4,622912821E1
1,304926875E0;-1,596772766E1;-4,227612305E1;-9,066284180E0;4,609160895E1
1,314968875E0;-1,581404114E1;-4,232310486E1;-8,875640869E0;4,604460992E1
1,325010875E0;-1,574752808E1;-4,230833435E1;-8,763885498E0;4,598679686E1
1,335051875E0;-1,600497437E1;-4,239399719E1;-8,634735107E0;4,612991278E1
1,345093875E0;-1,577961731E1;-4,231977844E1;-8,668975830E0;4,599033716E1
1,355135875E0;-1,593597412E1;-4,243869019E1;-8,456176758E0;4,611403931E1
1,365177875E0;-1,583502197E1;-4,250441742E1;-8,591461182E0;4,616477690E1
1,375218875E0;-1,600093079E1;-4,226995087E1;-8,484191895E0;4,598652025E1
1,385260875E0;-1,604647827E1;-4,225026703E1;-8,802947998E0;4,604417903E1
1,395302875E0;-1,612025452E1;-4,222207642E1;-8,757659912E0;4,603545318E1
1,405344875E0;-1,610513306E1;-4,239628601E1;-8,983215332E0;4,623330548E1
1,415386875E0;-1,588861084E1;-4,215119934E1;-8,687988281E0;4,587649399E1
1,425427875E0;-1,572908020E1;-4,213175964E1;-8,642272949E0;4,579495623E1
1,435469875E0;-1,606060791E1;-4,215370178E1;-8,844573975E0;4,596851302E1
1,445511875E0;-1,604899597E1;-4,239652252E1;-8,593383789E0;4,613980536E1
1,455553875E0;-1,604121399E1;-4,229460907E1;-8,486450195E0;4,602362806E1
1,465595875E0;-1,586131287E1;-4,236824036E1;-8,739837646E0;4,607639090E1
1,475636875E0;-1,637965393E1;-4,227681732E1;-8,454742432E0;4,612054873E1
1,485678875E0;-1,615837097E1;-4,229937744E1;-8,680877686E0;4,610518324E1
1,495720875E0;-1,604177856E1;-4,235668945E1;-8,664001465E0;4,611391029E1
1,505762875E0;-1,599290466E1;-4,227330017E1;-8,772766113E0;4,604092019E1
1,515804875E0;-1,582527161E1;-4,251255035E1;-8,480712891E0;4,614844147E1
1,525846875E0;-1,591275024E1;-4,245719147E1;-8,800964355E0;4,618750590E1
1,535887875E0;-1,581507874E1;-4,227294922E1;-8,520385742E0;4,593164404E1
1,545929875E0;-1,581181335E1;-4,208697510E1;-8,906707764E0;4,583291784E1
1,555971875E0;-1,606250000E1;-4,236179352E1;-8,577972412E0;4,610972855E1
1,566013875E0;-1,567124939E1;-4,230934906E1;-8,608856201E0;4,593235766E1
1,576055875E0;-1,561196899E1;-4,233166504E1;-8,433776855E0;4,590024001E1
1,586096875E0;-1,553706360E1;-4,241882324E1;-8,284667969E0;4,592812465E1
1,596138875E0;-1,573010254E1;-4,251450348E1;-8,493865967E0;4,612011374E1
1,606180875E0;-1,539997864E1;-4,247042084E1;-8,449157715E0;4,595959371E1
1,616222875E0;-1,563912964E1;-4,253630829E1;-8,516571045E0;4,611346746E1
1,626263875E0;-1,537329102E1;-4,253690338E1;-8,205322266E0;4,596796210E1
1,636305875E0;-1,530618286E1;-4,248494720E1;-8,330993652E0;4,592009830E1
1,646347875E0;-1,548086548E1;-4,245326233E1;-8,516296387E0;4,598330113E1
1,656389875E0;-1,583927917E1;-4,255373383E1;-8,291412354E0;4,615680390E1
1,666431875E0;-1,578999329E1;-4,268525696E1;-8,504821777E0;4,629996807E1
1,676472875E0;-1,555877686E1;-4,260871887E1;-8,285583496E0;4,611105459E1
1,686514875E0;-1,564051819E1;-4,262505341E1;-8,260528564E0;4,614929381E1
1,696556875E0;-1,581950378E1;-4,281973267E1;-8,162963867E0;4,637262322E1
1,706598875E0;-1,564704895E1;-4,252623749E1;-8,284423828E0;4,606454921E1
1,716640875E0;-1,557434082E1;-4,253015137E1;-8,549804688E0;4,609200611E1
1,726682875E0;-1,572517395E1;-4,267375183E1;-8,590881348E0;4,628318737E1
1,736723875E0;-1,601844788E1;-4,246618652E1;-9,035278320E0;4,627746670E1
1,746765875E0;-1,607369995E1;-4,254509735E1;-9,161071777E0;4,639368895E1
1,756807875E0;-1,615373230E1;-4,254492188E1;-8,755401611E0;4,634296605E1
1,766849875E0;-1,605809021E1;-4,251382446E1;-9,001953125E0;4,632842207E1
1,776890875E0;-1,610275269E1;-4,222712708E1;-9,255828857E0;4,613132637E1
1,786932875E0;-1,605242920E1;-4,201628876E1;-9,010559082E0;4,587198687E1
1,796974875E0;-1,634164429E1;-4,214945984E1;-9,304107666E0;4,615401090E1
1,807016875E0;-1,624235535E1;-4,183534241E1;-9,265319824E0;4,582418720E1
1,817058875E0;-1,651557922E1;-4,198612213E1;-9,248596191E0;4,605578509E1
1,827100875E0;-1,643923950E1;-4,204190063E1;-9,320587158E0;4,609385370E1
1,837147458E0;-1,674360657E1;-4,183497620E1;-9,314880371E0;4,601391736E1
1,847189458E0;-1,646951294E1;-4,193148804E1;-9,426666260E0;4,602560790E1
1,857231458E0;-1,651892090E1;-4,184541321E1;-9,248962402E0;4,592882167E1
1,867273458E0;-1,629318237E1;-4,189091492E1;-9,334442139E0;4,590695323E1
1,877315458E0;-1,642938232E1;-4,170452881E1;-9,175048828E0;4,575340258E1
1,887356458E0;-1,660522461E1;-4,176907349E1;-9,533172607E0;4,594856216E1
1,897398458E0;-1,639608765E1;-4,165784454E1;-9,645507812E0;4,579567144E1
1,907440458E0;-1,638201904E1;-4,146830750E1;-9,399383545E0;4,556686829E1
1,917482458E0;-1,652972412E1;-4,210112000E1;-1,018212891E1;4,636174968E1
1,927524458E0;-1,648849487E1;-4,187986755E1;-1,008911133E1;4,612574050E1
1,937565458E0;-1,666677856E1;-4,208018494E1;-9,690185547E0;4,628631729E1
1,947607458E0;-1,645008850E1;-4,216456604E1;-9,425781250E0;4,623095709E1
1,957649458E0;-1,643855286E1;-4,224517059E1;-9,352264404E0;4,628547621E1
1,967691458E0;-1,643309021E1;-4,239585876E1;-9,803222656E0;4,651406743E1
1,977733458E0;-1,636909485E1;-4,219245148E1;-9,533477783E0;4,624972893E1
1,987774458E0;-1,634246826E1;-4,200292206E1;-9,494812012E0;4,605945273E1
1,997816458E0;-1,605636597E1;-4,199221802E1;-9,471313477E0;4,594408603E1
2,007858458E0;-1,601702881E1;-4,221318054E1;-9,527038574E0;4,614393012E1
2,017900458E0;-1,645167542E1;-4,218995667E1;-9,476074219E0;4,626495488E1
2,027942458E0;-1,632514954E1;-4,211294556E1;-9,467071533E0;4,614798083E1
2,037983458E0;-1,618060303E1;-4,187332916E1;-9,452850342E0;4,587530914E1
2,048025458E0;-1,622915649E1;-4,208319855E1;-9,553680420E0;4,610481461E1
2,058067458E0;-1,617356873E1;-4,207180023E1;-9,549163818E0;4,607393221E1
2,068109458E0;-1,621635437E1;-4,191659546E1;-9,476104736E0;4,593220749E1
2,078151458E0;-1,632157898E1;-4,199473572E1;-9,573486328E0;4,606086635E1
2,088192458E0;-1,640843201E1;-4,190749359E1;-9,519378662E0;4,600101336E1
2,098234458E0;-1,623716736E1;-4,196164703E1;-9,455291748E0;4,597638489E1
2,108276458E0;-1,635563660E1;-4,185535431E1;-9,564178467E0;4,594399898E1
2,118318458E0;-1,641998291E1;-4,207331848E1;-9,415222168E0;4,613487158E1
2,128360458E0;-1,623602295E1;-4,199292755E1;-9,367980957E0;4,598666625E1
2,138401458E0;-1,649467468E1;-4,205123901E1;-9,168579102E0;4,609168947E1
2,148443458E0;-1,642044067E1;-4,217058563E1;-9,120941162E0;4,616471306E1
2,158485458E0;-1,626844788E1;-4,210971069E1;-9,220245361E0;4,607497212E1
2,168527458E0;-1,648616028E1;-4,213314056E1;-8,885528564E0;4,610799966E1
2,178569458E0;-1,652131653E1;-4,216899872E1;-9,463256836E0;4,626804062E1
2,188610458E0;-1,656785583E1;-4,216916656E1;-9,463867188E0;4,628495693E1
2,198652458E0;-1,644767761E1;-4,230862427E1;-9,716583252E0;4,642152277E1
2,208694458E0;-1,627288818E1;-4,202592468E1;-9,349822998E0;4,602612764E1
2,218736458E0;-1,647985840E1;-4,202964020E1;-9,174499512E0;4,606786113E1
2,228778458E0;-1,656785583E1;-4,208963013E1;-9,672973633E0;4,625578050E1
2,238819458E0;-1,640734863E1;-4,184648895E1;-9,366088867E0;4,591354209E1
2,248861458E0;-1,629327393E1;-4,191181946E1;-9,717681885E0;4,600548583E1
2,258903458E0;-1,629234314E1;-4,194704437E1;-9,558807373E0;4,600397564E1
2,268945458E0;-1,620544434E1;-4,197756958E1;-9,410369873E0;4,597051049E1
2,278987458E0;-1,640521240E1;-4,187741852E1;-9,500335693E0;4,596852786E1
2,289028458E0;-1,637500000E1;-4,201380157E1;-9,662261963E0;4,611571808E1
2,299070458E0;-1,607531738E1;-4,199765015E1;-9,670227051E0;4,599708402E1
2,309112458E0;-1,608764648E1;-4,232350159E1;-9,938049316E0;4,635575455E1
2,319154458E0;-1,609634399E1;-4,215172577E1;-9,497131348E0;4,610917240E1
2,329196458E0;-1,607722473E1;-4,189083862E1;-9,660003662E0;4,589809567E1
2,339238458E0;-1,626254272E1;-4,195020294E1;-9,842620850E0;4,605612889E1
2,349279458E0;-1,608793640E1;-4,204199219E1;-9,849609375E0;4,607999142E1
2,359321458E0;-1,599916077E1;-4,197800446E1;-9,787200928E0;4,597733469E1
2,369363458E0;-1,605081177E1;-4,202008820E1;-9,701385498E0;4,601557618E1
2,379405458E0;-1,608526611E1;-4,207025146E1;-9,814544678E0;4,609736578E1
2,389447458E0;-1,593156433E1;-4,202773285E1;-9,717712402E0;4,598455181E1
2,399488458E0;-1,592689514E1;-4,203157043E1;-9,506286621E0;4,594222880E1
2,409530458E0;-1,601205444E1;-4,205883789E1;-9,762207031E0;4,605032484E1
2,419572458E0;-1,633428955E1;-4,178475189E1;-9,856170654E0;4,593385033E1
2,429614458E0;-1,626060486E1;-4,196029663E1;-1,018035889E1;4,613798295E1
2,439656458E0;-1,624914551E1;-4,177837372E1;-9,681243896E0;4,586059009E1
2,449697458E0;-1,616262817E1;-4,168640900E1;-1,002780151E1;4,582078183E1
2,459739458E0;-1,639358521E1;-4,160087585E1;-9,763000488E0;4,576787832E1
2,469781458E0;-1,641297913E1;-4,170732880E1;-9,672332764E0;4,585238467E1
2,479823458E0;-1,656689453E1;-4,170123291E1;-9,416534424E0;4,584894700E1
2,489865458E0;-1,661714172E1;-4,154396057E1;-9,152313232E0;4,567050357E1
2,499906458E0;-1,659538269E1;-4,165287781E1;-9,567962646E0;4,584664508E1
2,509948458E0;-1,664633179E1;-4,156562042E1;-9,869628906E0;4,584987173E1
2,519990458E0;-1,665528870E1;-4,154478455E1;-9,642272949E0;4,578581868E1
2,530032458E0;-1,697677612E1;-4,155991364E1;-9,899536133E0;4,597214553E1
2,540074458E0;-1,687223816E1;-4,164486694E1;-9,609802246E0;4,594905508E1
2,550115458E0;-1,702632141E1;-4,159605408E1;-9,780792236E0;4,599773073E1
2,560157458E0;-1,686936951E1;-4,188214111E1;-9,354492188E0;4,611069177E1
2,570199458E0;-1,677795410E1;-4,161355591E1;-9,003173828E0;4,576292078E1
2,580241458E0;-1,679940796E1;-4,202378082E1;-9,018829346E0;4,614712933E1
2,590283458E0;-1,696331787E1;-4,182489014E1;-9,084686279E0;4,603919105E1
2,600324458E0;-1,676148987E1;-4,167571259E1;-9,376220703E0;4,588819104E1
2,610366458E0;-1,685464478E1;-4,190965271E1;-9,158508301E0;4,609095698E1
2,620408458E0;-1,668222046E1;-4,155753326E1;-8,911285400E0;4,565890995E1
2,630450458E0;-1,645973206E1;-4,149712372E1;-8,970184326E0;4,553458315E1
2,640492458E0;-1,668081665E1;-4,128409576E1;-9,007202148E0;4,542858019E1
2,650533458E0;-1,692140198E1;-4,140766907E1;-9,230346680E0;4,567415245E1
2,660575458E0;-1,659895325E1;-4,159457397E1;-9,066436768E0;4,569282338E1
2,670617458E0;-1,675196838E1;-4,164322662E1;-8,891967773E0;4,575864792E1
2,680659458E0;-1,684416199E1;-4,133271790E1;-9,057250977E0;4,554287164E1
2,690701458E0;-1,692277527E1;-4,136735535E1;-9,013397217E0;4,559473369E1
2,700742458E0;-1,681561279E1;-4,143889618E1;-9,010375977E0;4,561944569E1
2,710784458E0;-1,689645386E1;-4,143228912E1;-8,718872070E0;4,558665885E1
2,720826458E0;-1,660568237E1;-4,138512421E1;-8,721313477E0;4,543719293E1
2,730868458E0;-1,650607300E1;-4,127268219E1;-8,834259033E0;4,532029207E1
2,740910458E0;-1,640058899E1;-4,150562286E1;-8,903503418E0;4,550789406E1
2,750951458E0;-1,680471802E1;-4,147031403E1;-8,461456299E0;4,553879375E1
2,760993458E0;-1,665492249E1;-4,126288605E1;-8,729919434E0;4,534560289E1
2,771035458E0;-1,666630554E1;-4,118519592E1;-8,486175537E0;4,523274565E1
2,781077458E0;-1,640701294E1;-4,120785522E1;-9,068450928E0;4,527156070E1
2,791119458E0;-1,641979980E1;-4,154051208E1;-8,914031982E0;4,554869851E1
2,801160458E0;-1,642956543E1;-4,127834320E1;-9,022521973E0;4,533473437E1
2,811202458E0;-1,624320984E1;-4,136314392E1;-8,890319824E0;4,531875249E1
2,821244458E0;-1,610610962E1;-4,162300110E1;-8,524200439E0;4,543724222E1
2,831280833E0;-1,615829468E1;-4,161595154E1;-8,450042725E0;4,543546117E1
2,841322833E0;-1,609535217E1;-4,154949951E1;-8,679199219E0;4,539548183E1
2,851363833E0;-1,609011841E1;-4,141807556E1;-8,405242920E0;4,522164307E1
2,861405833E0;-1,605450439E1;-4,161698914E1;-8,498931885E0;4,540872977E1
2,871447833E0;-1,574961853E1;-4,154385376E1;-8,406677246E0;4,521741359E1
2,881489833E0;-1,550241089E1;-4,156047821E1;-8,430267334E0;4,515160573E1
2,891531833E0;-1,556253052E1;-4,149463654E1;-8,332489014E0;4,509354267E1
2,901572833E0;-1,588844299E1;-4,153444672E1;-8,422271729E0;4,526022035E1
2,911614833E0;-1,589871216E1;-4,129063416E1;-8,561462402E0;4,506644157E1
2,921656833E0;-1,580340576E1;-4,139627838E1;-8,393829346E0;4,509829119E1
2,931698833E0;-1,577592468E1;-4,149733734E1;-8,224700928E0;4,515035450E1
2,941740833E0;-1,552554321E1;-4,160146332E1;-8,441406250E0;4,519935378E1
2,951782833E0;-1,589251709E1;-4,164057159E1;-8,205108643E0;4,531923554E1
2,961823833E0;-1,556974792E1;-4,182083130E1;-8,133361816E0;4,536023099E1
2,971865833E0;-1,567413330E1;-4,169960022E1;-8,138000488E0;4,528534161E1
2,981907833E0;-1,523219299E1;-4,200983429E1;-7,955261230E0;4,538867768E1
2,991949833E0;-1,529690552E1;-4,193689728E1;-7,935424805E0;4,533949314E1
3,001991833E0;-1,539578247E1;-4,189474487E1;-8,230499268E0;4,538657163E1
3,012032833E0;-1,537362671E1;-4,180323029E1;-8,161743164E0;4,528214341E1
3,022074833E0;-1,504927063E1;-4,176877594E1;-8,287628174E0;4,516410046E1
3,032116833E0;-1,519413757E1;-4,164484406E1;-8,408020020E0;4,512039066E1
3,042158833E0;-1,528002930E1;-4,162104034E1;-8,032836914E0;4,505903642E1
3,052200833E0;-1,544024658E1;-4,156085968E1;-8,092926025E0;4,506885536E1
3,062241833E0;-1,548696899E1;-4,150425720E1;-8,340881348E0;4,507793114E1
3,072283833E0;-1,563412476E1;-4,159614563E1;-8,488891602E0;4,524076114E1
3,082325833E0;-1,541735840E1;-4,129166412E1;-8,350219727E0;4,486003383E1
3,092367833E0;-1,540611267E1;-4,150675964E1;-8,680023193E0;4,511654027E1
3,102409833E0;-1,530212402E1;-4,126470947E1;-8,586547852E0;4,484038416E1
3,112450833E0;-1,538940430E1;-4,148372650E1;-8,338043213E0;4,502506295E1
3,122492833E0;-1,506997681E1;-4,154792786E1;-8,357116699E0;4,497972776E1
3,132534833E0;-1,508085632E1;-4,162088013E1;-8,593414307E0;4,509519552E1
3,142576833E0;-1,513555908E1;-4,127626038E1;-8,677947998E0;4,481206981E1
3,152618833E0;-1,535688782E1;-4,132249451E1;-8,579895020E0;4,491099146E1
3,162659833E0;-1,529121399E1;-4,145908356E1;-8,777893066E0;4,505250538E1
3,172701833E0;-1,554640198E1;-4,126384735E1;-8,473327637E0;4,490203775E1
3,182743833E0;-1,502868652E1;-4,141458130E1;-8,891265869E0;4,494533982E1
3,192785833E0;-1,522116089E1;-4,113338470E1;-8,507629395E0;4,467682659E1
3,202827833E0;-1,517709351E1;-4,146091461E1;-8,709228516E0;4,500224738E1
3,212868833E0;-1,528996277E1;-4,130188751E1;-9,142913818E0;4,498023729E1
3,222910833E0;-1,501177979E1;-4,113674927E1;-8,982116699E0;4,470194731E1
3,232952833E0;-1,518902588E1;-4,141814423E1;-8,497131348E0;4,492627760E1
3,242994833E0;-1,495948792E1;-4,150687408E1;-8,588287354E0;4,494847667E1
3,253036833E0;-1,512466431E1;-4,154611206E1;-8,631195068E0;4,504811235E1
3,263077833E0;-1,495904541E1;-4,139957428E1;-8,454711914E0;4,482387694E1
3,273119833E0;-1,516674805E1;-4,113230133E1;-8,069335938E0;4,457589754E1
3,283161833E0;-1,508090210E1;-4,130152893E1;-8,380737305E0;4,476032460E1
3,293203833E0;-1,524534607E1;-4,093990326E1;-8,273101807E0;4,446279871E1
3,303245833E0;-1,494201660E1;-4,080738831E1;-8,255584717E0;4,423416643E1
3,313286833E0;-1,546228027E1;-4,098043823E1;-8,142730713E0;4,455089777E1
3,323328833E0;-1,553091431E1;-4,124326324E1;-8,170318604E0;4,482153688E1
3,333370833E0;-1,566612244E1;-4,152342224E1;-8,399688721E0;4,516831586E1
3,343412833E0;-1,552178955E1;-4,123844147E1;-8,442413330E0;4,486434384E1
3,353454833E0;-1,572959900E1;-4,137407684E1;-7,757507324E0;4,493788423E1
3,363495833E0;-1,537562561E1;-4,116270447E1;-7,849822998E0;4,463628371E1
3,373537833E0;-1,558474731E1;-4,115065765E1;-8,165832520E0;4,475423773E1
3,383579833E0;-1,565663147E1;-4,111985016E1;-8,055725098E0;4,473105066E1
3,393621833E0;-1,588359070E1;-4,104901123E1;-8,065429688E0;4,474774779E1
3,403663833E0;-1,568536377E1;-4,086110687E1;-8,120452881E0;4,451519343E1
3,413704833E0;-1,580615234E1;-4,083456421E1;-7,951263428E0;4,450301873E1
3,423746833E0;-1,557272339E1;-4,086876678E1;-8,061767578E0;4,447199016E1
3,433788833E0;-1,597581482E1;-4,066510010E1;-8,011718750E0;4,441919250E1
3,443830833E0;-1,575227356E1;-4,085193634E1;-8,074157715E0;4,452198163E1
3,453872833E0;-1,585224915E1;-4,071807098E1;-8,141235352E0;4,444698888E1
3,463913833E0;-1,567889404E1;-4,102043915E1;-8,069671631E0;4,465001396E1
3,473955833E0;-1,577908325E1;-4,072006226E1;-7,812438965E0;4,436369170E1
3,483997833E0;-1,571504211E1;-4,089196014E1;-8,074981689E0;4,454571003E1
3,494039833E0;-1,577861023E1;-4,114189911E1;-7,748840332E0;4,473997016E1
3,504081833E0;-1,553247070E1;-4,122280121E1;-7,968048096E0;4,476680440E1
3,514122833E0;-1,554612732E1;-4,127493286E1;-8,081512451E0;4,483985951E1
3,524164833E0;-1,555128479E1;-4,087599945E1;-8,286010742E0;4,451233272E1
3,534206833E0;-1,592646790E1;-4,090525818E1;-8,203979492E0;4,465644193E1
3,544248833E0;-1,562214661E1;-4,099005890E1;-8,069854736E0;4,460223031E1
3,554290833E0;-1,561465454E1;-4,100332642E1;-7,480010986E0;4,450888426E1
3,564331833E0;-1,535488892E1;-4,085564423E1;-7,875946045E0;4,435072496E1
3,574373833E0;-1,572372437E1;-4,105057526E1;-7,959228516E0;4,467364498E1
3,584415833E0;-1,573973083E1;-4,098482513E1;-8,193664551E0;4,466129372E1
3,594457833E0;-1,561172485E1;-4,102675629E1;-7,710784912E0;4,456878827E1
3,604499833E0;-1,558343506E1;-4,086894226E1;-7,704132080E0;4,441247056E1
3,614540833E0;-1,579527283E1;-4,079817200E1;-7,818634033E0;4,444223802E1
3,624582833E0;-1,577203369E1;-4,096144104E1;-7,994323730E0;4,461508613E1
3,634624833E0;-1,562162781E1;-4,082028961E1;-7,658447266E0;4,437322519E1
3,644666833E0;-1,569548035E1;-4,077288818E1;-7,979125977E0;4,441219388E1
3,654708833E0;-1,604928589E1;-4,063904572E1;-7,744598389E0;4,437443429E1
3,664749833E0;-1,566348267E1;-4,104922485E1;-7,914398193E0;4,464326656E1
3,674791833E0;-1,587384033E1;-4,110578918E1;-8,219268799E0;4,482433592E1
3,684833833E0;-1,566818237E1;-4,089265442E1;-8,020874023E0;4,452005778E1
3,694875833E0;-1,616317749E1;-4,085356903E1;-7,937347412E0;4,464598406E1
3,704917833E0;-1,579933167E1;-4,069024658E1;-8,139801025E0;4,440238066E1
3,714958833E0;-1,571607971E1;-4,090242004E1;-8,111389160E0;4,456229080E1
3,725000833E0;-1,565058899E1;-4,097694397E1;-8,337219238E0;4,464930120E1
3,735042833E0;-1,590507507E1;-4,071667480E1;-7,917602539E0;4,442417642E1
3,745084833E0;-1,570307922E1;-4,096981812E1;-8,190124512E0;4,463396502E1
3,755126833E0;-1,576200867E1;-4,076692200E1;-8,006744385E0;4,443524279E1
3,765167833E0;-1,545829773E1;-4,069535828E1;-7,877227783E0;4,423937015E1
3,775209833E0;-1,585778809E1;-4,098501587E1;-8,183471680E0;4,470134425E1
3,785251833E0;-1,553704834E1;-4,108388519E1;-8,096282959E0;4,466357903E1
3,795293833E0;-1,574778748E1;-4,113124847E1;-8,207702637E0;4,480110260E1
3,805335833E0;-1,548396301E1;-4,095560455E1;-8,376556396E0;4,457893395E1
3,815376833E0;-1,558831787E1;-4,113327789E1;-8,224853516E0;4,475031195E1
3,825418833E0;-1,544857788E1;-4,080528259E1;-7,989562988E0;4,435721771E1
3,835464625E0;-1,582365417E1;-4,088345337E1;-7,992889404E0;4,456154252E1
3,845506625E0;-1,564039612E1;-4,090288544E1;-8,260803223E0;4,456353776E1
3,855548625E0;-1,591020203E1;-4,068370056E1;-8,407165527E0;4,448571065E1
3,865589625E0;-1,551911926E1;-4,076478577E1;-8,612304688E0;4,446102353E1
3,875631625E0;-1,571311951E1;-4,080981445E1;-8,563720703E0;4,456097387E1
3,885673625E0;-1,570814514E1;-4,065548706E1;-8,823425293E0;4,446872256E1
3,895715625E0;-1,565159607E1;-4,052087402E1;-8,584442139E0;4,427873460E1
3,905757625E0;-1,561456299E1;-4,086349487E1;-8,555938721E0;4,457402694E1
3,915798625E0;-1,569006348E1;-4,066901398E1;-8,197570801E0;4,435478505E1
3,925840625E0;-1,554048157E1;-4,067480469E1;-8,353637695E0;4,433654888E1
3,935882625E0;-1,563975525E1;-4,080898285E1;-8,432800293E0;4,450940514E1
3,945924625E0;-1,541445923E1;-4,082901001E1;-8,154602051E0;4,439719750E1
3,955966625E0;-1,566491699E1;-4,064727020E1;-8,002624512E0;4,429031721E1
3,966007625E0;-1,573300171E1;-4,068733215E1;-8,299743652E0;4,440576635E1
3,976049625E0;-1,593922424E1;-4,061965179E1;-8,190734863E0;4,439710710E1
3,986091625E0;-1,557965088E1;-4,065203857E1;-8,426971436E0;4,434329272E1
3,996133625E0;-1,556459045E1;-4,046983337E1;-8,571655273E0;4,419883668E1
4,006175625E0;-1,533172607E1;-4,058428955E1;-8,495513916E0;4,420769322E1
4,016216625E0;-1,573667908E1;-4,069982147E1;-8,114562988E0;4,438428403E1
4,026258625E0;-1,525354004E1;-4,063519287E1;-8,238006592E0;4,417866155E1
4,036300625E0;-1,548069763E1;-4,072564697E1;-8,469329834E0;4,438422995E1
4,046342625E0;-1,548069763E1;-4,072564697E1;-8,469329834E0;4,438422995E1
4,056384625E0;-1,554618835E1;-4,063619232E1;-8,164916992E0;4,426793386E1
4,066425625E0;-1,535462952E1;-4,100471497E1;-8,586547852E0;4,461927948E1
4,076467625E0;-1,553230286E1;-4,113736725E1;-8,596893311E0;4,480448628E1
4,086509625E0;-1,517416382E1;-4,076123047E1;-8,619934082E0;4,434000925E1
4,096551625E0;-1,531323242E1;-4,049520874E1;-8,311767578E0;4,408449272E1
4,106593625E0;-1,503465271E1;-4,067412567E1;-8,196594238E0;4,413172825E1
4,116634625E0;-1,523107910E1;-4,083146667E1;-8,392761230E0;4,438054622E1
4,126676625E0;-1,503663635E1;-4,094927216E1;-8,390533447E0;4,442234094E1
4,136718625E0;-1,532391357E1;-4,105385590E1;-8,479644775E0;4,463346039E1
4,146760625E0;-1,489532471E1;-4,076338959E1;-8,448455811E0;4,421426279E1
4,156802625E0;-1,533151245E1;-4,083951569E1;-8,518646240E0;4,444646948E1
4,166843625E0;-1,515397644E1;-4,093924713E1;-8,822357178E0;4,453649003E1
4,176885625E0;-1,537915039E1;-4,101358032E1;-8,462860107E0;4,461224091E1
4,186927625E0;-1,478755188E1;-4,078948975E1;-8,488739014E0;4,420987282E1
4,196969625E0;-1,513354492E1;-4,091967010E1;-8,535614014E0;4,445559908E1
4,207011625E0;-1,513354492E1;-4,091967010E1;-8,535614014E0;4,445559908E1
4,217052625E0;-1,520664978E1;-4,092173004E1;-8,274444580E0;4,443305774E1
4,227094625E0;-1,540966797E1;-4,119045258E1;-8,458465576E0;4,478456085E1
4,237136625E0;-1,537170410E1;-4,105934906E1;-8,303314209E0;4,462179354E1
4,247178625E0;-1,525587463E1;-4,102928925E1;-8,534393311E0;4,459798377E1
4,257220625E0;-1,528715515E1;-4,062978363E1;-8,562652588E0;4,424698238E1
4,267261625E0;-1,533218384E1;-4,094551086E1;-8,702117920E0;4,457956457E1
4,277303625E0;-1,519068909E1;-4,084492493E1;-8,342254639E0;4,436956321E1
4,287345625E0;-1,523963928E1;-4,079375458E1;-8,216583252E0;4,431579017E1
4,297387625E0;-1,547196960E1;-4,105813599E1;-8,413909912E0;4,467601430E1
4,307429625E0;-1,512683105E1;-4,094126892E1;-8,382843018E0;4,444412870E1
4,317470625E0;-1,515301514E1;-4,108917236E1;-8,177154541E0;4,455109213E1
4,327512625E0;-1,527090454E1;-4,091427612E1;-8,141815186E0;4,442372869E1
4,337554625E0;-1,523768616E1;-4,070026398E1;-8,361999512E0;4,425631710E1
4,347596625E0;-1,523768616E1;-4,070026398E1;-8,361999512E0;4,425631710E1
4,357638625E0;-1,543103027E1;-4,080436707E1;-8,313629150E0;4,440979055E1
4,367679625E0;-1,547044373E1;-4,096289062E1;-8,512969971E0;4,460676737E1
4,377721625E0;-1,579895020E1;-4,083424377E1;-8,598876953E0;4,462043228E1
4,387763625E0;-1,536943054E1;-4,065740967E1;-8,569885254E0;4,430222669E1
4,397805625E0;-1,551617432E1;-4,090971375E1;-8,341186523E0;4,454134862E1
4,407847625E0;-1,565959167E1;-4,087339783E1;-8,411804199E0;4,457146970E1
4,417888625E0;-1,571374512E1;-4,050634766E1;-8,577697754E0;4,428614778E1
4,427930625E0;-1,540151978E1;-4,034657288E1;-8,301300049E0;4,397686138E1
4,437972625E0;-1,582562256E1;-4,053758240E1;-8,309265137E0;4,430338365E1
4,448014625E0;-1,569783020E1;-4,064862823E1;-8,481201172E0;4,439215723E1
4,458056625E0;-1,605780029E1;-4,059197235E1;-8,070770264E0;4,439255008E1
4,468097625E0;-1,593988037E1;-4,022786713E1;-8,599792480E0;4,411708864E1
4,478139625E0;-1,614508057E1;-4,022232056E1;-8,441253662E0;4,415601274E1
4,488181625E0;-1,594184875E1;-3,994335175E1;-8,354156494E0;4,381102397E1
4,498223625E0;-1,600270081E1;-3,988715363E1;-8,131439209E0;4,374004757E1
4,508265625E0;-1,625119019E1;-4,004589844E1;-8,671356201E0;4,407910596E1
4,518306625E0;-1,660266113E1;-3,960449982E1;-8,305725098E0;4,373956826E1
4,528348625E0;-1,693812561E1;-3,967332458E1;-8,554290771E0;4,397782024E1
4,538390625E0;-1,701863098E1;-3,933525848E1;-8,619476318E0;4,371717892E1
4,548432625E0;-1,738626099E1;-3,942236328E1;-9,519073486E0;4,412502190E1
4,558474625E0;-1,732272339E1;-3,936917114E1;-9,115631104E0;4,396706850E1
4,568515625E0;-1,757386780E1;-3,920240784E1;-9,047637939E0;4,390363723E1
4,578557625E0;-1,742597961E1;-3,903373718E1;-9,164276123E0;4,371820400E1
4,588599625E0;-1,765811157E1;-3,903305817E1;-9,474273682E0;4,387653582E1
4,598641625E0;-1,765643311E1;-3,901295471E1;-9,282958984E0;4,381704683E1
4,608682625E0;-1,748934937E1;-3,882257080E1;-9,312377930E0;4,358657738E1
4,618724625E0;-1,732786560E1;-3,879334259E1;-8,986724854E0;4,342740585E1
4,628766625E0;-1,720986938E1;-3,870803833E1;-8,555389404E0;4,321673893E1
4,638808625E0;-1,759413147E1;-3,853609467E1;-9,319458008E0;4,337552711E1
4,648850625E0;-1,790219116E1;-3,857659912E1;-9,452728271E0;4,356600188E1
4,658891625E0;-1,778036499E1;-3,856504059E1;-9,731018066E0;4,356714872E1
4,668933625E0;-1,774176025E1;-3,870612335E1;-9,556976318E0;4,363794035E1
4,678975625E0;-1,749174500E1;-3,868114471E1;-9,425292969E0;4,348595459E1
4,689017625E0;-1,763560486E1;-3,885856628E1;-9,616455078E0;4,374333024E1
4,699059625E0;-1,752790833E1;-3,896359253E1;-9,529205322E0;4,377436313E1
4,709100625E0;-1,765629578E1;-3,912654877E1;-9,446502686E0;4,395302051E1
4,719142625E0;-1,724905396E1;-3,891159821E1;-9,483642578E0;4,360713031E1
4,729184625E0;-1,745886230E1;-3,895967102E1;-9,246978760E0;4,368265623E1
4,739226625E0;-1,736065674E1;-3,912215424E1;-9,591430664E0;4,386263668E1
4,749268625E0;-1,730235291E1;-3,881600189E1;-9,539154053E0;4,355512460E1
4,759309625E0;-1,732264709E1;-3,911676788E1;-9,532714844E0;4,382999298E1
4,769351625E0;-1,731881714E1;-3,920762634E1;-9,364868164E0;4,387345606E1
4,779393625E0;-1,715176392E1;-3,903743744E1;-9,673309326E0;4,372273368E1
4,789435625E0;-1,707907104E1;-3,902409363E1;-9,920806885E0;4,373782071E1
4,799477625E0;-1,693486023E1;-3,909570312E1;-9,842803955E0;4,372807203E1
4,809518625E0;-1,710676575E1;-3,906153870E1;-9,697509766E0;4,373198984E1
4,819560625E0;-1,689549255E1;-3,929106140E1;-1,004428101E1;4,393327618E1
4,829602625E0;-1,692955017E1;-3,929443359E1;-1,037091064E1;4,402519697E1
4,839640583E0;-1,661395264E1;-3,927555847E1;-1,028930664E1;4,386869894E1
4,849682583E0;-1,699653625E1;-3,945818329E1;-1,026126099E1;4,417152873E1
4,859723583E0;-1,674444580E1;-3,942988586E1;-1,050259399E1;4,410665307E1
4,869765583E0;-1,682740784E1;-3,950165558E1;-1,047900391E1;4,419674163E1
4,879807583E0;-1,667465210E1;-3,947794342E1;-1,071084595E1;4,417323013E1
4,889849583E0;-1,648327637E1;-3,939656067E1;-1,032098389E1;4,393529448E1
4,899891583E0;-1,628466797E1;-3,934767151E1;-1,047207642E1;4,385309622E1
4,909932583E0;-1,638357544E1;-3,926781464E1;-1,019964600E1;4,375403512E1
4,919974583E0;-1,669245911E1;-3,934156799E1;-1,043862915E1;4,399275101E1
4,930016583E0;-1,668266296E1;-3,948123932E1;-1,008633423E1;4,403196157E1
4,940058583E0;-1,628785706E1;-3,933972931E1;-1,021154785E1;4,378566317E1
4,950100583E0;-1,613354492E1;-3,961439514E1;-1,032864380E1;4,400309599E1
4,960141583E0;-1,623135376E1;-3,963449097E1;-1,034564209E1;4,406111698E1
4,970183583E0;-1,599909973E1;-3,968212891E1;-9,952636719E0;4,392832258E1
4,980225583E0;-1,594345093E1;-3,958274078E1;-9,717712402E0;4,376552216E1
4,990267583E0;-1,574948120E1;-3,966834259E1;-9,960052490E0;4,382723135E1
5,000309583E0;-1,564341736E1;-3,977439880E1;-1,005871582E1;4,390782471E1
5,010350583E0;-1,567416382E1;-3,972773743E1;-9,601470947E0;4,377397374E1
5,020392583E0;-1,544699097E1;-4,007391357E1;-9,909851074E0;4,407644754E1
5,030434583E0;-1,537042236E1;-4,026824951E1;-9,481903076E0;4,413262159E1
5,040476583E0;-1,510394287E1;-4,018459320E1;-9,626068115E0;4,399536121E1
5,050518583E0;-1,491778564E1;-4,028404236E1;-9,756286621E0;4,405144181E1
5,060559583E0;-1,505841064E1;-4,028682709E1;-9,348388672E0;4,401336773E1
5,070601583E0;-1,523779297E1;-4,025169373E1;-9,589355469E0;4,409472668E1
5,080643583E0;-1,513735962E1;-4,023570251E1;-9,365356445E0;4,399728758E1
5,090685583E0;-1,506388855E1;-4,063946533E1;-9,250000000E0;4,431759674E1
5,100727583E0;-1,497833252E1;-4,068114471E1;-9,505859375E0;4,438093445E1
5,110768583E0;-1,483163452E1;-4,076052094E1;-9,142364502E0;4,432809807E1
5,120810583E0;-1,470367432E1;-4,084263611E1;-9,078247070E0;4,434786954E1
5,130852583E0;-1,467541504E1;-4,062545013E1;-9,279663086E0;4,418039330E1
5,140894583E0;-1,460118103E1;-4,098536682E1;-9,045837402E0;4,443896888E1
5,150936583E0;-1,434309387E1;-4,124732208E1;-8,961791992E0;4,458003630E1
5,160977583E0;-1,422987366E1;-4,085949707E1;-9,330596924E0;4,426113243E1
5,171019583E0;-1,370053101E1;-4,085447693E1;-9,152740479E0;4,405185005E1
5,181061583E0;-1,378791809E1;-4,097836304E1;-9,261718750E0;4,421665248E1
5,191103583E0;-1,402287292E1;-4,087802887E1;-9,591552734E0;4,426795786E1
5,201144583E0;-1,385336304E1;-4,105970764E1;-9,614746094E0;4,438759513E1
5,211186583E0;-1,365647888E1;-4,087698364E1;-9,187835693E0;4,406635374E1
5,221228583E0;-1,366940308E1;-4,110850525E1;-8,770599365E0;4,420051128E1
5,231270583E0;-1,344888306E1;-4,116846466E1;-8,269348145E0;4,409191600E1
5,241312583E0;-1,340371704E1;-4,132935333E1;-7,537139893E0;4,409743252E1
5,251354583E0;-1,328297424E1;-4,123140717E1;-7,263275146E0;4,392290413E1
5,261395583E0;-1,338185120E1;-4,155187225E1;-6,484405518E0;4,413252252E1
5,271437583E0;-1,334436035E1;-4,162756348E1;-5,512481689E0;4,406033873E1
5,281479583E0;-1,336175537E1;-4,150603485E1;-5,722137451E0;4,397761127E1
5,291521583E0;-1,338029480E1;-4,131987762E1;-5,389862061E0;4,376545657E1
5,301562583E0;-1,352235413E1;-4,147294617E1;-5,527343750E0;4,397056804E1
5,311604583E0;-1,375883484E1;-4,125440216E1;-5,668029785E0;4,385610329E1
5,321646583E0;-1,347334290E1;-4,127257538E1;-5,920318604E0;4,381788013E1
5,331688583E0;-1,357357788E1;-4,107521820E1;-6,081970215E0;4,368530563E1
5,341730583E0;-1,359646606E1;-4,104389954E1;-6,508666992E0;4,372445911E1
5,351772583E0;-1,355885315E1;-4,138011169E1;-7,226623535E0;4,414046024E1
5,361813583E0;-1,328224182E1;-4,137361145E1;-7,642272949E0;4,412026754E1
5,371855583E0;-1,314271545E1;-4,111132050E1;-7,976226807E0;4,389181970E1
5,381897583E0;-1,287591553E1;-4,105248260E1;-8,741027832E0;4,390331532E1
5,391939583E0;-1,298526001E1;-4,124927521E1;-8,815032959E0;4,413416464E1
5,401980583E0;-1,286170959E1;-4,123669434E1;-9,008789062E0;4,412535341E1
5,412022583E0;-1,284722900E1;-4,121808624E1;-9,480285645E0;4,420246308E1
5,422064583E0;-1,287786865E1;-4,116982269E1;-9,592559814E0;4,419062124E1
5,432106583E0;-1,270532227E1;-4,092507935E1;-9,362091064E0;4,386269580E1
5,442148583E0;-1,259631348E1;-4,077310944E1;-9,348175049E0;4,368640456E1
5,452189583E0;-1,275830078E1;-4,106578064E1;-9,454528809E0;4,402908917E1
5,462231583E0;-1,269281006E1;-4,089243317E1;-1,023181152E1;4,402259062E1
5,472273583E0;-1,262500000E1;-4,110977936E1;-1,011535645E1;4,417833202E1
5,482315583E0;-1,251057434E1;-4,089882660E1;-1,015551758E1;4,395865131E1
5,492357583E0;-1,249824524E1;-4,079177094E1;-1,015316772E1;4,385500570E1
5,502398583E0;-1,258659363E1;-4,095132446E1;-1,007556152E1;4,401079702E1
5,512440583E0;-1,268302917E1;-4,094763947E1;-1,006442261E1;4,403249947E1
5,522482583E0;-1,253897095E1;-4,109880066E1;-1,014593506E1;4,415061955E1
5,532524583E0;-1,248410034E1;-4,107290649E1;-1,018493652E1;4,411994267E1
5,542566583E0;-1,281661987E1;-4,082842255E1;-1,005685425E1;4,395868685E1
5,552607583E0;-1,323426819E1;-4,099851227E1;-9,942199707E0;4,421392538E1
5,562649583E0;-1,317008972E1;-4,073016357E1;-9,765747070E0;4,390634697E1
5,572691583E0;-1,332125854E1;-4,075243378E1;-9,819396973E0;4,398451256E1
5,582733583E0;-1,340939331E1;-4,068924713E1;-9,586029053E0;4,390123704E1
5,592775583E0;-1,353826904E1;-4,028947449E1;-9,332611084E0;4,351579153E1
5,602816583E0;-1,369480896E1;-4,033386230E1;-9,097900391E0;4,355617100E1
5,612858583E0;-1,386360168E1;-4,042691040E1;-8,865905762E0;4,364789595E1
5,622900583E0;-1,380018616E1;-4,069905090E1;-8,776184082E0;4,386204840E1
5,632942583E0;-1,393521118E1;-4,073754120E1;-8,862854004E0;4,395779288E1
5,642984583E0;-1,419242859E1;-4,055152130E1;-8,753479004E0;4,384602951E1
5,653025583E0;-1,408203125E1;-4,058832550E1;-8,290771484E0;4,375445878E1
5,663067583E0;-1,442880249E1;-4,056737518E1;-8,795043945E0;4,394604725E1
5,673109583E0;-1,412567139E1;-4,046470642E1;-8,846618652E0;4,376288061E1
5,683151583E0;-1,420773315E1;-4,063359833E1;-8,791717529E0;4,393453416E1
5,693193583E0;-1,433020020E1;-4,076615143E1;-8,572204590E0;4,405356321E1
5,703234583E0;-1,428143311E1;-4,081871033E1;-8,869293213E0;4,414511079E1
5,713276583E0;-1,412348938E1;-4,101478577E1;-8,681335449E0;4,423857128E1
5,723318583E0;-1,393128967E1;-4,141707611E1;-8,220520020E0;4,446382771E1
5,733360583E0;-1,423178101E1;-4,110135651E1;-8,133361816E0;4,424948216E1
5,743402583E0;-1,409207153E1;-4,088460541E1;-7,936431885E0;4,396731048E1
5,753443583E0;-1,411894226E1;-4,072742462E1;-8,301788330E0;4,389746389E1
5,763485583E0;-1,425016785E1;-4,060144043E1;-8,415466309E0;4,384477531E1
5,773527583E0;-1,407826233E1;-4,057260132E1;-8,465332031E0;4,377208350E1
5,783569583E0;-1,404129028E1;-4,071706390E1;-8,378265381E0;4,387747095E1
5,793611583E0;-1,388865662E1;-4,072325897E1;-8,513122559E0;4,386059575E1
5,803652583E0;-1,416215515E1;-4,062593842E1;-8,195159912E0;4,379719348E1
5,813694583E0;-1,398298645E1;-4,077996826E1;-8,524841309E0;4,394545074E1
5,823736583E0;-1,415142822E1;-4,074791718E1;-8,170410156E0;4,390229239E1
5,833777958E0;-1,429296875E1;-4,090995789E1;-8,504211426E0;4,416146761E1
5,843819958E0;-1,418870544E1;-4,087008667E1;-8,072326660E0;4,400961036E1
5,853860958E0;-1,411462402E1;-4,099115753E1;-8,466827393E0;4,417221721E1
5,863902958E0;-1,424102783E1;-4,092057800E1;-8,437500000E0;4,414172611E1
5,873944958E0;-1,415538025E1;-4,104060364E1;-8,480194092E0;4,423369337E1
5,883986958E0;-1,410169983E1;-4,089084625E1;-8,038909912E0;4,399481012E1
5,894028958E0;-1,430493164E1;-4,085467529E1;-8,511993408E0;4,411563889E1
5,904069958E0;-1,422271729E1;-4,087712860E1;-8,281860352E0;4,406602479E1
5,914111958E0;-1,411531067E1;-4,075901031E1;-8,346862793E0;4,393414430E1
5,924153958E0;-1,430244446E1;-4,092237854E1;-8,164794922E0;4,411195823E1
5,934195958E0;-1,410359192E1;-4,071521759E1;-8,065429688E0;4,383710078E1
5,944237958E0;-1,419229126E1;-4,076996613E1;-7,851898193E0;4,387782554E1
5,954278958E0;-1,401493835E1;-4,056919861E1;-7,672363281E0;4,360210466E1
5,964320958E0;-1,447683716E1;-4,061949921E1;-7,878509521E0;4,383598342E1
5,974362958E0;-1,410891724E1;-4,050869751E1;-7,856658936E0;4,360898083E1
5,984404958E0;-1,446240234E1;-4,072096252E1;-7,861297607E0;4,392217971E1
5,994446958E0;-1,430168152E1;-4,040436554E1;-7,709594727E0;4,354869343E1
6,004487958E0;-1,443226624E1;-4,065570068E1;-7,489471436E0;4,378662455E1
6,014529958E0;-1,434950256E1;-4,069132996E1;-7,959838867E0;4,387540988E1
6,024571958E0;-1,463644409E1;-4,088890839E1;-7,641906738E0;4,409679198E1
6,034613958E0;-1,441700745E1;-4,088369751E1;-8,067901611E0;4,409555377E1
6,044655958E0;-1,430245972E1;-4,063004303E1;-7,620086670E0;4,374273050E1
6,054696958E0;-1,427496338E1;-4,070550537E1;-7,565093994E0;4,379433062E1
6,064738958E0;-1,452900696E1;-4,071817017E1;-7,698547363E0;4,391274367E1
6,074780958E0;-1,429383850E1;-4,082276917E1;-7,593139648E0;4,391432649E1
6,084822958E0;-1,430332947E1;-4,069101715E1;-7,873199463E0;4,384439965E1
6,094863958E0;-1,439491272E1;-4,073116302E1;-8,155364990E0;4,396306554E1
6,104905958E0;-1,438746643E1;-4,064595795E1;-7,877288818E0;4,383086546E1
6,114947958E0;-1,435569763E1;-4,044170380E1;-8,182525635E0;4,368719705E1
6,124989958E0;-1,440156555E1;-4,049097443E1;-8,095764160E0;4,373174474E1
6,135031958E0;-1,426666260E1;-4,054213715E1;-8,065826416E0;4,372939631E1
6,145072958E0;-1,424676514E1;-4,058943939E1;-7,886383057E0;4,373405932E1
6,155114958E0;-1,461276245E1;-4,070910645E1;-8,393615723E0;4,405924374E1
6,165156958E0;-1,473316956E1;-4,063612366E1;-8,163330078E0;4,398864386E1
6,175198958E0;-1,454475403E1;-4,050611877E1;-7,973510742E0;4,377067970E1
6,185240958E0;-1,469155884E1;-4,072793579E1;-7,981842041E0;4,402631551E1
6,195281958E0;-1,453405762E1;-4,077698517E1;-7,940856934E0;4,401202744E1
6,205323958E0;-1,478996277E1;-4,070426941E1;-7,834503174E0;4,401090759E1
6,215365958E0;-1,460569763E1;-4,070414734E1;-7,660705566E0;4,391856582E1
6,225407958E0;-1,464382935E1;-4,076681519E1;-7,353179932E0;4,393682070E1
6,235449958E0;-1,465635681E1;-4,079395294E1;-7,882446289E0;4,405778423E1
6,245490958E0;-1,484516907E1;-4,069041443E1;-7,699890137E0;4,399292192E1
6,255532958E0;-1,488412476E1;-4,083969879E1;-7,956390381E0;4,418961773E1
6,265574958E0;-1,508717346E1;-4,069346619E1;-7,981597900E0;4,412807381E1
6,275616958E0;-1,477966309E1;-4,060449982E1;-7,739715576E0;4,389837176E1
6,285658958E0;-1,479692078E1;-4,044093323E1;-7,383361816E0;4,369132610E1
6,295699958E0;-1,478266907E1;-4,036020660E1;-7,806610107E0;4,368542942E1
6,305741958E0;-1,493397522E1;-4,030020905E1;-7,856323242E0;4,369041405E1
6,315783958E0;-1,493196106E1;-4,028124237E1;-7,890716553E0;4,367843124E1
6,325825958E0;-1,481578064E1;-4,029943848E1;-7,485504150E0;4,358422731E1
6,335867958E0;-1,457138062E1;-4,054376221E1;-7,741455078E0;4,377273025E1
6,345908958E0;-1,482080078E1;-4,061931610E1;-7,805725098E0;4,393761851E1
6,355950958E0;-1,476138306E1;-4,045885468E1;-7,969085693E0;4,379867211E1
6,365992958E0;-1,480488586E1;-4,084570312E1;-7,483551025E0;4,408582136E1
6,376034958E0;-1,478787231E1;-4,040889740E1;-7,785430908E0;4,372840142E1
6,386076958E0;-1,514067078E1;-4,033099365E1;-7,625732422E0;4,374906577E1
6,396117958E0;-1,484877014E1;-4,048597717E1;-7,700103760E0;4,380515860E1
6,406159958E0;-1,504719543E1;-4,034602356E1;-7,212951660E0;4,366058153E1
6,416201958E0;-1,497055054E1;-4,056462097E1;-8,044982910E0;4,398099144E1
6,426243958E0;-1,492141724E1;-4,021568298E1;-7,483123779E0;4,354247342E1
6,436285958E0;-1,484654236E1;-4,021976471E1;-7,495269775E0;4,352273386E1
6,446326958E0;-1,508868408E1;-4,035214996E1;-7,636077881E0;4,375241798E1
6,456368958E0;-1,473376465E1;-4,022035980E1;-7,884765625E0;4,355376783E1
6,466410958E0;-1,502574158E1;-4,040124512E1;-7,681732178E0;4,378404420E1
6,476452958E0;-1,487356567E1;-4,027011108E1;-7,588256836E0;4,359456898E1
6,486494958E0;-1,475535583E1;-4,052299500E1;-7,697296143E0;4,380732835E1
6,496535958E0;-1,448463440E1;-4,047090149E1;-7,489746094E0;4,363249704E1
6,506577958E0;-1,467805481E1;-4,066728973E1;-6,839721680E0;4,377277167E1
6,516619958E0;-1,449076843E1;-4,054105377E1;-7,204528809E0;4,365162822E1
6,526661958E0;-1,466653442E1;-4,037275696E1;-6,857482910E0;4,349818167E1
6,536703958E0;-1,456809998E1;-4,058966827E1;-7,733642578E0;4,381278278E1
6,546744958E0;-1,476136780E1;-4,039775085E1;-7,262115479E0;4,361897035E1
6,556786958E0;-1,482946777E1;-4,048998260E1;-7,585784912E0;4,378237018E1
6,566828958E0;-1,487425232E1;-4,066278839E1;-7,391662598E0;4,392428050E1
6,576870958E0;-1,451341248E1;-4,065853119E1;-7,575073242E0;4,383077725E1
6,586912958E0;-1,451124573E1;-4,051776123E1;-7,500305176E0;4,368660899E1
6,596953958E0;-1,434936523E1;-4,057598877E1;-7,803039551E0;4,374017116E1
6,606995958E0;-1,445849609E1;-4,046121979E1;-7,536437988E0;4,362288750E1
6,617037958E0;-1,434407043E1;-4,034430695E1;-7,580444336E0;4,348423388E1
6,627079958E0;-1,450752258E1;-4,037274933E1;-7,878570557E0;4,361764521E1
6,637121958E0;-1,418339539E1;-4,018143463E1;-7,675781250E0;4,329704391E1
6,647162958E0;-1,457748413E1;-4,027485657E1;-7,610900879E0;4,350279218E1
6,657204958E0;-1,429705811E1;-4,038169098E1;-7,713989258E0;4,352691658E1
6,667246958E0;-1,425350952E1;-4,058872223E1;-7,652893066E0;4,369409203E1
6,677288958E0;-1,412008667E1;-4,041226959E1;-7,771606445E0;4,350777227E1
6,687330958E0;-1,429530334E1;-4,058456421E1;-7,804321289E0;4,373065264E1
6,697371958E0;-1,412873840E1;-4,072708130E1;-7,717193604E0;4,379350953E1
6,707413958E0;-1,423066711E1;-4,063187408E1;-7,627655029E0;4,372233067E1
6,717455958E0;-1,426885986E1;-4,097583008E1;-7,954101562E0;4,411220629E1
6,727497958E0;-1,429754639E1;-4,067081451E1;-7,560852051E0;4,376872707E1
6,737539958E0;-1,417359924E1;-4,067449188E1;-7,944122314E0;4,379970645E1
6,747580958E0;-1,404466248E1;-4,047579193E1;-7,570953369E0;4,350702945E1
6,757622958E0;-1,423905945E1;-4,056131744E1;-8,052032471E0;4,373564351E1
6,767664958E0;-1,443794250E1;-4,061437225E1;-7,760498047E0;4,379733722E1
6,777706958E0;-1,430329895E1;-4,046051788E1;-8,001159668E0;4,365382485E1
6,787748958E0;-1,459814453E1;-4,053141022E1;-7,573944092E0;4,374089239E1
6,797789958E0;-1,472462463E1;-4,042711639E1;-8,234466553E0;4,380608120E1
6,807831958E0;-1,484945679E1;-4,055207825E1;-8,322570801E0;4,398002503E1
6,817873958E0;-1,472137451E1;-4,056689453E1;-8,137268066E0;4,391590749E1
6,827915958E0;-1,476631165E1;-4,056912231E1;-7,838531494E0;4,387869894E1
6,837958708E0;-1,475192261E1;-4,075010681E1;-7,736328125E0;4,402318933E1
6,847999708E0;-1,468452454E1;-4,070365906E1;-8,297180176E0;4,405980391E1
6,858041708E0;-1,470945740E1;-4,064968872E1;-8,039184570E0;4,397037433E1
6,868083708E0;-1,485113525E1;-4,060614777E1;-7,496520996E0;4,388181037E1
6,878125708E0;-1,458529663E1;-4,057172394E1;-7,615051270E0;4,378109943E1
6,888167708E0;-1,480819702E1;-4,096755981E1;-7,894805908E0;4,427134080E1
6,898208708E0;-1,455557251E1;-4,060786438E1;-8,028686523E0;4,387850439E1
6,908250708E0;-1,477265930E1;-4,057920074E1;-7,627593994E0;4,385297237E1
6,918292708E0;-1,471679688E1;-4,026969910E1;-7,648712158E0;4,355152779E1
6,928334708E0;-1,468467712E1;-4,055110168E1;-7,607727051E0;4,379393909E1
6,938376708E0;-1,467144775E1;-4,052474213E1;-7,815002441E0;4,380160233E1
6,948417708E0;-1,464250183E1;-4,025022125E1;-7,417938232E0;4,346848259E1
6,958459708E0;-1,480807495E1;-4,058520508E1;-7,540466309E0;4,385540545E1
6,968501708E0;-1,504876709E1;-4,073587799E1;-7,457153320E0;4,406230001E1
6,978543708E0;-1,497343445E1;-4,054201508E1;-7,950317383E0;4,394389914E1
6,988585708E0;-1,489387512E1;-4,071174622E1;-7,474151611E0;4,399018912E1
6,998626708E0;-1,470878601E1;-4,035554504E1;-7,501068115E0;4,360257360E1
7,008668708E0;-1,481257629E1;-4,055365753E1;-7,836547852E0;4,387964264E1
7,018710708E0;-1,442149353E1;-4,038104248E1;-8,170745850E0;4,365053442E1
7,028752708E0;-1,438583374E1;-4,046137238E1;-7,916625977E0;4,366632379E1
7,038794708E0;-1,417645264E1;-4,052374268E1;-7,926940918E0;4,365755286E1
7,048835708E0;-1,444567871E1;-4,060932922E1;-7,255554199E0;4,370856118E1
7,058877708E0;-1,441072083E1;-4,063031006E1;-7,787384033E0;4,380792531E1
7,068919708E0;-1,477009583E1;-4,057745361E1;-7,584259033E0;4,384297501E1
7,078961708E0;-1,473313904E1;-4,067765045E1;-8,166015625E0;4,402749645E1
7,089003708E0;-1,456727600E1;-4,041290283E1;-8,062835693E0;4,370832375E1
7,099044708E0;-1,484294128E1;-4,052304840E1;-8,216918945E0;4,393117475E1
7,109086708E0;-1,482261658E1;-4,067256165E1;-7,860137939E0;4,399714765E1
7,119128708E0;-1,441505432E1;-4,065596771E1;-8,066528320E0;4,388360036E1
7,129170708E0;-1,476847839E1;-4,057174683E1;-7,922271729E0;4,389689037E1
7,139211708E0;-1,468577576E1;-4,065731812E1;-8,016906738E0;4,396544461E1
7,149253708E0;-1,477967834E1;-4,060195160E1;-7,881072998E0;4,392116434E1
7,159295708E0;-1,480499268E1;-4,022229004E1;-8,010284424E0;4,360258112E1
7,169337708E0;-1,486804199E1;-4,039234161E1;-7,622436523E0;4,371157138E1
7,179379708E0;-1,479556274E1;-4,030174255E1;-7,877777100E0;4,364857961E1
7,189421708E0;-1,494023132E1;-4,048595428E1;-7,632110596E0;4,382433249E1
7,199462708E0;-1,443106079E1;-4,049222565E1;-7,747283936E0;4,367947186E1
7,209504708E0;-1,434800720E1;-4,046710205E1;-7,622283936E0;4,360677552E1
7,219546708E0;-1,450289917E1;-4,064797211E1;-7,436859131E0;4,379381914E1
7,229588708E0;-1,460345459E1;-4,039698792E1;-7,517913818E0;4,360844582E1
7,239630708E0;-1,458605957E1;-4,059494781E1;-7,625457764E0;4,380468614E1
7,249671708E0;-1,482315063E1;-4,075059509E1;-7,622131348E0;4,402764679E1
7,259713708E0;-1,479673767E1;-4,051799774E1;-7,954833984E0;4,386263752E1
7,269755708E0;-1,467866516E1;-4,037369537E1;-7,692382812E0;4,364253937E1
7,279797708E0;-1,458413696E1;-4,032883453E1;-7,549224854E0;4,354426187E1
7,289838708E0;-1,431823730E1;-4,026389313E1;-7,468078613E0;4,338162292E1
7,299880708E0;-1,446228027E1;-4,041896820E1;-7,805664062E0;4,363231523E1
7,309922708E0;-1,456684875E1;-4,049945068E1;-7,349914551E0;4,366256786E1
7,319964708E0;-1,434066772E1;-4,022720337E1;-7,817382812E0;4,341651893E1
7,330006708E0;-1,441908264E1;-4,033522797E1;-7,721343994E0;4,352539158E1
7,340047708E0;-1,457917786E1;-4,066150665E1;-7,905670166E0;4,391366725E1
7,350089708E0;-1,444425964E1;-4,080599976E1;-8,295257568E0;4,407468152E1
7,360131708E0;-1,442756653E1;-4,067169952E1;-8,109344482E0;4,391017292E1
7,370173708E0;-1,440596008E1;-4,073620605E1;-8,075622559E0;4,395663601E1
7,380215708E0;-1,432960510E1;-4,073236847E1;-8,104919434E0;4,393350820E1
7,390257708E0;-1,438265991E1;-4,054187775E1;-7,943908691E0;4,374483333E1
7,400298708E0;-1,450000000E1;-4,065771484E1;-8,282104492E0;4,395330512E1
7,410340708E0;-1,446458435E1;-4,072229767E1;-7,753601074E0;4,390498898E1
7,420382708E0;-1,422918701E1;-4,050861359E1;-7,969116211E0;4,366834495E1
7,430424708E0;-1,451536560E1;-4,067429352E1;-8,037353516E0;4,392827157E1
7,440466708E0;-1,420425415E1;-4,077471924E1;-8,030944824E0;4,391849997E1
7,450507708E0;-1,439778137E1;-4,074330139E1;-8,241333008E0;4,399127512E1
7,460549708E0;-1,447097778E1;-4,058380890E1;-7,730194092E0;4,377454333E1
7,470591708E0;-1,461502075E1;-4,061605835E1;-7,618011475E0;4,383260346E1
7,480633708E0;-1,447660828E1;-4,040702820E1;-7,687255859E0;4,360497698E1
7,490675708E0;-1,420350647E1;-4,063059998E1;-7,839630127E0;4,374980058E1
7,500716708E0;-1,445605469E1;-4,055250549E1;-8,001770020E0;4,378939989E1
7,510758708E0;-1,439996338E1;-4,014115143E1;-7,685638428E0;4,333289768E1
7,520800708E0;-1,434985352E1;-4,065093231E1;-7,776733398E0;4,380518435E1
7,530842708E0;-1,434347534E1;-4,027005768E1;-7,949829102E0;4,348117539E1
7,540884708E0;-1,437693787E1;-4,033547211E1;-8,340606689E0;4,362582231E1
7,550925708E0;-1,437045288E1;-4,051085663E1;-7,770233154E0;4,368084184E1
7,560967708E0;-1,426866150E1;-4,051180267E1;-7,965484619E0;4,368351865E1
7,571009708E0;-1,440023804E1;-4,068304443E1;-8,050933838E0;4,390096235E1
7,581051708E0;-1,427043152E1;-4,045811462E1;-8,124572754E0;4,366363403E1
7,591093708E0;-1,443592834E1;-4,055202484E1;-7,778045654E0;4,374197915E1
7,601134708E0;-1,426834106E1;-4,070757294E1;-8,034820557E0;4,387767533E1
7,611176708E0;-1,437109375E1;-4,079682159E1;-7,828277588E0;4,395669366E1
7,621218708E0;-1,430918884E1;-4,057607269E1;-8,240325928E0;4,380723150E1
7,631260708E0;-1,438623047E1;-4,063022614E1;-8,074920654E0;4,385183287E1
7,641302708E0;-1,415896606E1;-4,035991669E1;-7,951782227E0;4,350436801E1
7,651343708E0;-1,432371521E1;-4,063940430E1;-7,789550781E0;4,378820732E1
7,661385708E0;-1,444656372E1;-4,066004944E1;-7,905426025E0;4,386842354E1
7,671427708E0;-1,420983887E1;-4,049072266E1;-8,166595459E0;4,368193475E1
7,681469708E0;-1,434547424E1;-4,057202911E1;-8,359130859E0;4,383785175E1
7,691511708E0;-1,463023376E1;-4,071849823E1;-8,136260986E0;4,402543107E1
7,701552708E0;-1,417108154E1;-4,064357758E1;-8,105072021E0;4,379968199E1
7,711594708E0;-1,437680054E1;-4,075875092E1;-7,924224854E0;4,394043137E1
7,721636708E0;-1,417758179E1;-4,090540314E1;-8,358795166E0;4,409223614E1
7,731678708E0;-1,419390869E1;-4,062889862E1;-8,161773682E0;4,380398380E1
7,741720708E0;-1,432827759E1;-4,056239319E1;-7,773803711E0;4,371543553E1
7,751761708E0;-1,401087952E1;-4,030110931E1;-7,825500488E0;4,337882680E1
7,761803708E0;-1,383721924E1;-4,029151917E1;-7,802398682E0;4,330995934E1
7,771845708E0;-1,428247070E1;-4,055114746E1;-8,447601318E0;4,381491182E1
7,781887708E0;-1,438665771E1;-4,036662292E1;-8,396789551E0;4,366859560E1
7,791929708E0;-1,447795105E1;-4,051979065E1;-8,211975098E0;4,380526265E1
7,801970708E0;-1,420471191E1;-4,036633301E1;-8,535095215E0;4,363556498E1
7,812012708E0;-1,441064453E1;-4,037691498E1;-8,478302002E0;4,370175676E1
7,822054708E0;-1,412025452E1;-4,021735382E1;-8,531036377E0;4,346948030E1
7,832096708E0;-1,420845032E1;-4,020551300E1;-8,279296875E0;4,343857839E1
7,842138625E0;-1,429742432E1;-4,028495789E1;-8,532562256E0;4,359012265E1
7,852179625E0;-1,428915405E1;-4,030008698E1;-8,235778809E0;4,354428764E1
7,862221625E0;-1,404772949E1;-4,039010620E1;-8,151550293E0;4,353328790E1
7,872263625E0;-1,418460083E1;-4,066942596E1;-8,122467041E0;4,383126259E1
7,882305625E0;-1,437428284E1;-4,017527008E1;-8,279754639E0;4,346523519E1
7,892347625E0;-1,442541504E1;-4,038097382E1;-8,139007568E0;4,364583702E1
7,902388625E0;-1,445332336E1;-4,038191986E1;-8,204254150E0;4,366815538E1
7,912430625E0;-1,430841064E1;-4,034359741E1;-7,796844482E0;4,351008218E1
7,922472625E0;-1,444490051E1;-4,050019073E1;-7,722991943E0;4,368712860E1
7,932514625E0;-1,447277832E1;-4,080864716E1;-7,892211914E0;4,401243011E1
7,942556625E0;-1,442758179E1;-4,062268066E1;-7,866180420E0;4,382047575E1
7,952597625E0;-1,430206299E1;-4,056165314E1;-8,052154541E0;4,375652984E1
7,962639625E0;-1,426892090E1;-4,031579590E1;-8,117340088E0;4,352995190E1
7,972681625E0;-1,429176331E1;-4,066688538E1;-8,249450684E0;4,388739570E1
7,982723625E0;-1,442028809E1;-4,054180908E1;-8,193756104E0;4,380320344E1
7,992765625E0;-1,431384277E1;-4,037693787E1;-7,637573242E0;4,351454620E1
8,002806625E0;-1,444761658E1;-4,068792725E1;-7,840881348E0;4,388303167E1
8,012848625E0;-1,413500977E1;-4,027728271E1;-7,522033691E0;4,334326931E1
8,022890625E0;-1,426838684E1;-4,037509155E1;-7,835144043E0;4,353302612E1
8,032932625E0;-1,420573425E1;-4,020962524E1;-7,888977051E0;4,336879992E1
8,042974625E0;-1,418141174E1;-4,045921326E1;-7,862945557E0;4,358768506E1
8,053015625E0;-1,421563721E1;-4,037886047E1;-7,642547607E0;4,348500027E1
8,063057625E0;-1,425807190E1;-4,052154541E1;-8,013671875E0;4,369790834E1
8,073099625E0;-1,418388367E1;-4,048622131E1;-8,067565918E0;4,365091399E1
8,083141625E0;-1,411317444E1;-4,069887543E1;-7,908355713E0;4,379637250E1
8,093183625E0;-1,414385986E1;-4,071022797E1;-7,921356201E0;4,381916609E1
8,103224625E0;-1,429428101E1;-4,076757812E1;-7,916656494E0;4,392032953E1
8,113266625E0;-1,417509460E1;-4,058409119E1;-7,915954590E0;4,371114391E1
8,123308625E0;-1,430477905E1;-4,061133575E1;-8,227050781E0;4,383596309E1
8,133350625E0;-1,427433777E1;-4,078456879E1;-8,274749756E0;4,399555947E1
8,143392625E0;-1,425572205E1;-4,073480225E1;-7,908782959E0;4,387594527E1
8,153433625E0;-1,420809937E1;-4,066354370E1;-7,611419678E0;4,374160015E1
8,163475625E0;-1,423884583E1;-4,060300446E1;-7,427520752E0;4,366367788E1
8,173517625E0;-1,403547668E1;-4,056763458E1;-7,478637695E0;4,357358837E1
8,183559625E0;-1,411001587E1;-4,058371735E1;-7,833312988E0;4,367483777E1
8,193601625E0;-1,430177307E1;-4,056468964E1;-7,945739746E0;4,373979353E1
8,203642625E0;-1,425250244E1;-4,068032837E1;-7,633819580E0;4,377554275E1
8,213684625E0;-1,442391968E1;-4,074691772E1;-8,144531250E0;4,398515832E1
8,223726625E0;-1,429739380E1;-4,056444550E1;-7,823333740E0;4,371606408E1
8,233768625E0;-1,428083801E1;-4,057135010E1;-7,806518555E0;4,371405398E1
8,243810625E0;-1,411624146E1;-4,071260834E1;-7,761840820E0;4,378391170E1
8,253851625E0;-1,403416443E1;-4,057118988E1;-7,544342041E0;4,358780009E1
8,263893625E0;-1,421607971E1;-4,057043457E1;-7,333374023E0;4,361003850E1
8,273935625E0;-1,422055054E1;-4,070235443E1;-7,403533936E0;4,374606301E1
8,283977625E0;-1,446249390E1;-4,072289276E1;-7,597900391E0;4,387762317E1
8,294019625E0;-1,427519226E1;-4,052339172E1;-7,767150879E0;4,366068052E1
8,304060625E0;-1,418258667E1;-4,084738922E1;-7,815277100E0;4,394011296E1
8,314102625E0;-1,426708984E1;-4,087014771E1;-7,713592529E0;4,397065312E1
8,324144625E0;-1,398599243E1;-4,078215790E1;-7,459716797E0;4,375431135E1
8,334186625E0;-1,420980835E1;-4,078510284E1;-7,724822998E0;4,387500607E1
8,344228625E0;-1,459416199E1;-4,084181976E1;-7,586791992E0;4,402957209E1
8,354269625E0;-1,440994263E1;-4,090950775E1;-7,866241455E0;4,408074439E1
8,364311625E0;-1,436051941E1;-4,064101410E1;-8,068725586E0;4,385226194E1
8,374353625E0;-1,413439941E1;-4,076604462E1;-8,074615479E0;4,389591160E1
8,384395625E0;-1,428427124E1;-4,066545105E1;-8,291778564E0;4,389160405E1
8,394437625E0;-1,410823059E1;-4,068095398E1;-7,988037109E0;4,379258983E1
8,404479625E0;-1,414582825E1;-4,098358917E1;-8,210113525E0;4,412669263E1
8,414520625E0;-1,415675354E1;-4,080644226E1;-8,072601318E0;4,394025822E1
8,424562625E0;-1,438774109E1;-4,078739166E1;-7,714752197E0;4,393331098E1
8,434604625E0;-1,420956421E1;-4,077060699E1;-8,160156250E0;4,394021233E1
8,444646625E0;-1,426263428E1;-4,091606140E1;-8,040374756E0;4,407033519E1
8,454687625E0;-1,433940125E1;-4,078662109E1;-8,560791016E0;4,407328024E1
8,464729625E0;-1,453929138E1;-4,065979004E1;-8,366210938E0;4,398412220E1
8,474771625E0;-1,436531067E1;-4,067472076E1;-8,323608398E0;4,393264750E1
8,484813625E0;-1,423464966E1;-4,087009430E1;-7,925842285E0;4,399782762E1
8,494855625E0;-1,395762634E1;-4,077433777E1;-8,115203857E0;4,385451502E1
8,504896625E0;-1,420329285E1;-4,084494019E1;-7,977111816E0;4,397359411E1
8,514938625E0;-1,426966858E1;-4,053566742E1;-7,913665771E0;4,369656600E1
8,524980625E0;-1,423805237E1;-4,044741058E1;-8,183013916E0;4,365405909E1
8,535022625E0;-1,410884094E1;-4,058287048E1;-8,504241943E0;4,379898287E1
8,545064625E0;-1,408404541E1;-4,038511658E1;-8,351959229E0;4,357835700E1
8,555106625E0;-1,375534058E1;-4,036827850E1;-8,465545654E0;4,347956723E1
8,565147625E0;-1,414533997E1;-4,054059601E1;-8,211212158E0;4,371561017E1
8,575189625E0;-1,399301147E1;-4,052458954E1;-8,071563721E0;4,362564462E1
8,585231625E0;-1,425096130E1;-4,054656219E1;-8,180145264E0;4,374961006E1
8,595273625E0;-1,428219604E1;-4,056925201E1;-8,033294678E0;4,375361878E1
8,605315625E0;-1,406942749E1;-4,059967041E1;-8,317871094E0;4,376607141E1
8,615356625E0;-1,399145508E1;-4,082973480E1;-8,513305664E0;4,399209511E1
8,625398625E0;-1,391940308E1;-4,077362061E1;-8,051879883E0;4,383002041E1
8,635440625E0;-1,394317627E1;-4,061128235E1;-8,354583740E0;4,374342794E1
8,645482625E0;-1,407608032E1;-4,051202393E1;-8,406250000E0;4,370383460E1
8,655524625E0;-1,382951355E1;-4,088074493E1;-8,352813721E0;4,395748228E1
8,665565625E0;-1,421652222E1;-4,097218323E1;-7,884735107E0;4,407945497E1
8,675607625E0;-1,424198914E1;-4,058510590E1;-7,959747314E0;4,374177240E1
8,685649625E0;-1,434591675E1;-4,068112183E1;-7,854400635E0;4,384575931E1
8,695691625E0;-1,437336731E1;-4,073253632E1;-7,778350830E0;4,388890457E1
8,705733625E0;-1,413650513E1;-4,075729370E1;-7,924987793E0;4,386118100E1
8,715774625E0;-1,413635254E1;-4,091761017E1;-7,997375488E0;4,402323591E1
8,725816625E0;-1,417538452E1;-4,076583099E1;-7,663726807E0;4,383522797E1
8,735858625E0;-1,393453979E1;-4,075955963E1;-8,383575439E0;4,388390864E1
8,745900625E0;-1,428025818E1;-4,082222748E1;-8,067138672E0;4,399384907E1
8,755942625E0;-1,406423950E1;-4,100762939E1;-8,083343506E0;4,409953451E1
8,765983625E0;-1,418655396E1;-4,106050873E1;-7,649475098E0;4,411052209E1
8,776025625E0;-1,410163879E1;-4,085314178E1;-8,083007812E0;4,396783399E1
8,786067625E0;-1,427807617E1;-4,077844238E1;-7,798614502E0;4,390402271E1
8,796109625E0;-1,402021790E1;-4,077352142E1;-7,897460938E0;4,383396455E1
8,806151625E0;-1,400675964E1;-4,111940002E1;-7,897796631E0;4,415166549E1
8,816192625E0;-1,392846680E1;-4,082426453E1;-8,227294922E0;4,391253970E1
8,826234625E0;-1,416421509E1;-4,066040802E1;-8,160125732E0;4,382329770E1
8,836280583E0;-1,407878113E1;-4,110827637E1;-8,276702881E0;4,423354241E1
8,846322583E0;-1,404466248E1;-4,083766174E1;-7,747985840E0;4,387480422E1
8,856364583E0;-1,388792419E1;-4,083015442E1;-7,857757568E0;4,383743038E1
8,866405583E0;-1,387641907E1;-4,070515442E1;-7,626068115E0;4,367632674E1
8,876447583E0;-1,371177673E1;-4,051853943E1;-7,740173340E0;4,347039386E1
8,886489583E0;-1,368728638E1;-4,071868134E1;-7,626251221E0;4,362926226E1
8,896531583E0;-1,365327454E1;-4,093357849E1;-7,966583252E0;4,387979264E1
8,906573583E0;-1,377412415E1;-4,074872589E1;-8,309051514E0;4,380896592E1
8,916614583E0;-1,332897949E1;-4,087236023E1;-8,537109375E0;4,383028361E1
8,926656583E0;-1,368244934E1;-4,126918030E1;-8,629699707E0;4,432636213E1
8,936698583E0;-1,328903198E1;-4,108008575E1;-8,594055176E0;4,402305761E1
8,946740583E0;-1,346627808E1;-4,085363007E1;-8,127288818E0;4,377684957E1
8,956782583E0;-1,337455750E1;-4,103451538E1;-8,571319580E0;4,400201995E1
8,966823583E0;-1,345179749E1;-4,107627869E1;-7,877655029E0;4,393482645E1
8,976865583E0;-1,330067444E1;-4,109497833E1;-8,002502441E0;4,392886557E1
8,986907583E0;-1,329718018E1;-4,111381531E1;-7,851776123E0;4,391823309E1
8,996949583E0;-1,337590027E1;-4,105291748E1;-7,969909668E0;4,390644829E1
9,006991583E0;-1,343400574E1;-4,110489655E1;-7,744476318E0;4,393247027E1
9,017033583E0;-1,311694336E1;-4,111932373E1;-7,758483887E0;4,385256047E1
9,027074583E0;-1,350035095E1;-4,111538696E1;-7,638458252E0;4,394406178E1
9,037116583E0;-1,353642273E1;-4,104726410E1;-7,905120850E0;4,393863409E1
9,047158583E0;-1,355216980E1;-4,092511749E1;-7,802490234E0;4,381101918E1
9,057200583E0;-1,366294861E1;-4,112445831E1;-8,369689941E0;4,413557461E1
9,067242583E0;-1,357330322E1;-4,114714813E1;-7,835998535E0;4,403095766E1
9,077283583E0;-1,333934021E1;-4,117424011E1;-8,214874268E0;4,405383304E1
9,087325583E0;-1,376417542E1;-4,101911163E1;-7,964660645E0;4,399381619E1
9,097367583E0;-1,361503601E1;-4,099478912E1;-8,102020264E0;4,394979719E1
9,107409583E0;-1,358567810E1;-4,106015778E1;-8,143402100E0;4,400934223E1
9,117451583E0;-1,326234436E1;-4,080028534E1;-8,214233398E0;4,368096487E1
9,127492583E0;-1,346203613E1;-4,076694489E1;-7,883575439E0;4,364998252E1
9,137534583E0;-1,319364929E1;-4,094825745E1;-8,099853516E0;4,377716067E1
9,147576583E0;-1,358450317E1;-4,110189056E1;-8,247314453E0;4,406724782E1
9,157618583E0;-1,341336060E1;-4,105718231E1;-8,199493408E0;4,396410074E1
9,167660583E0;-1,344184875E1;-4,107763672E1;-8,114776611E0;4,397618828E1
9,177701583E0;-1,330171204E1;-4,098519135E1;-8,208862305E0;4,386464263E1
9,187743583E0;-1,333268738E1;-4,143356323E1;-7,732849121E0;4,420743908E1
9,197785583E0;-1,326826477E1;-4,117431641E1;-8,000915527E0;4,399302025E1
9,207827583E0;-1,351373291E1;-4,110860443E1;-7,599914551E0;4,393514580E1
9,217869583E0;-1,312835693E1;-4,119387817E1;-7,942382812E0;4,395873974E1
9,227910583E0;-1,320578003E1;-4,116681671E1;-8,005432129E0;4,396801528E1
9,237952583E0;-1,312686157E1;-4,120391846E1;-8,267211914E0;4,402753892E1
9,247994583E0;-1,332615662E1;-4,097013092E1;-8,071746826E0;4,383253557E1
9,258036583E0;-1,324880981E1;-4,102944183E1;-8,103393555E0;4,387038917E1
9,268078583E0;-1,286602783E1;-4,083164215E1;-7,736236572E0;4,350410359E1
9,278119583E0;-1,309745789E1;-4,093721771E1;-7,967254639E0;4,371357162E1
9,288161583E0;-1,323608398E1;-4,113625336E1;-7,899780273E0;4,392939549E1
9,298203583E0;-1,318316650E1;-4,110887146E1;-8,053222656E0;4,391571002E1
9,308245583E0;-1,348915100E1;-4,116085815E1;-8,038757324E0;4,405445560E1
9,318287583E0;-1,332507324E1;-4,109104919E1;-7,973052979E0;4,392722931E1
9,328328583E0;-1,331329346E1;-4,075889587E1;-7,569244385E0;4,354107068E1
9,338370583E0;-1,322703552E1;-4,122679901E1;-7,885467529E0;4,400890846E1
9,348412583E0;-1,337948608E1;-4,123360443E1;-8,100067139E0;4,410024796E1
9,358454583E0;-1,329161072E1;-4,141194916E1;-7,954193115E0;4,421408867E1
9,368496583E0;-1,341098022E1;-4,100208282E1;-7,983856201E0;4,387216824E1
9,378538583E0;-1,338870239E1;-4,129211426E1;-8,264526367E0;4,418821616E1
9,388579583E0;-1,345465088E1;-4,121739960E1;-8,270263672E0;4,413953920E1
9,398621583E0;-1,344026184E1;-4,102673340E1;-8,587799072E0;4,401799387E1
9,408663583E0;-1,359925842E1;-4,114417267E1;-8,138854980E0;4,409108453E1
9,418705583E0;-1,355532837E1;-4,129412079E1;-8,056365967E0;4,420244757E1
9,428747583E0;-1,392004395E1;-4,109161377E1;-7,745941162E0;4,407139605E1
9,438788583E0;-1,399572754E1;-4,104158783E1;-7,780090332E0;4,405476281E1
9,448830583E0;-1,419313049E1;-4,100577545E1;-7,553619385E0;4,404515569E1
9,458872583E0;-1,381950378E1;-4,082183838E1;-7,413360596E0;4,373052811E1
9,468914583E0;-1,428120422E1;-4,101693726E1;-7,421478271E0;4,406155099E1
9,478956583E0;-1,414189148E1;-4,083162689E1;-7,432708740E0;4,384586649E1
9,488997583E0;-1,420382690E1;-4,099208069E1;-7,007080078E0;4,394540419E1
9,499039583E0;-1,395762634E1;-4,112869263E1;-7,515991211E0;4,407805366E1
9,509081583E0;-1,408509827E1;-4,103313446E1;-7,375915527E0;4,400582060E1
9,519123583E0;-1,394136047E1;-4,080634308E1;-8,074462891E0;4,387158669E1
9,529165583E0;-1,398698425E1;-4,090869904E1;-7,542449951E0;4,388673987E1
9,539206583E0;-1,361238098E1;-4,125708771E1;-7,629089355E0;4,410949112E1
9,549248583E0;-1,358544922E1;-4,094468689E1;-7,527862549E0;4,379155774E1
9,559290583E0;-1,346710205E1;-4,106639862E1;-7,775787354E0;4,391212591E1
9,569332583E0;-1,370426941E1;-4,128952026E1;-7,571594238E0;4,415835734E1
9,579374583E0;-1,381497192E1;-4,112831116E1;-7,765472412E0;4,407600242E1
9,589415583E0;-1,385885620E1;-4,107421112E1;-7,366821289E0;4,397077177E1
9,599457583E0;-1,372055054E1;-4,106418610E1;-7,536987305E0;4,394686638E1
9,609499583E0;-1,371768188E1;-4,078770447E1;-7,288543701E0;4,364555534E1
9,619541583E0;-1,356076050E1;-4,081964874E1;-7,824188232E0;4,371905615E1
9,629583583E0;-1,358876038E1;-4,111390686E1;-7,737762451E0;4,398727900E1
9,639624583E0;-1,383372498E1;-4,106682587E1;-7,837249756E0;4,403724125E1
9,649666583E0;-1,414889526E1;-4,102586365E1;-7,611358643E0;4,405956770E1
9,659708583E0;-1,378839111E1;-4,100974274E1;-7,732360840E0;4,395120172E1
9,669750583E0;-1,423889160E1;-4,108437347E1;-7,143890381E0;4,406480395E1
9,679792583E0;-1,411320496E1;-4,153735352E1;-7,448455811E0;4,449734582E1
9,689833583E0;-1,413140869E1;-4,130060577E1;-7,372406006E0;4,426950552E1
9,699875583E0;-1,406474304E1;-4,122261810E1;-7,667694092E0;4,422572524E1
9,709917583E0;-1,399035645E1;-4,111878967E1;-7,281860352E0;4,403987316E1
9,719959583E0;-1,369053650E1;-4,117039490E1;-7,529174805E0;4,403544798E1
9,730001583E0;-1,406713867E1;-4,119958496E1;-7,397491455E0;4,415895233E1
9,740042583E0;-1,384494019E1;-4,114548492E1;-7,462310791E0;4,404905652E1
9,750084583E0;-1,436804199E1;-4,126953888E1;-7,727844238E0;4,437719061E1
9,760126583E0;-1,397067261E1;-4,092261505E1;-7,487396240E0;4,388509107E1
9,770168583E0;-1,450979614E1;-4,077454376E1;-6,903808594E0;4,382647803E1
9,780210583E0;-1,477685547E1;-4,101731110E1;-6,981445312E0;4,415332202E1
9,790252583E0;-1,514653015E1;-4,076206970E1;-6,641632080E0;4,398948714E1
9,800293583E0;-1,486521912E1;-4,078631592E1;-6,936859131E0;4,396155502E1
9,810335583E0;-1,513691711E1;-4,088293457E1;-6,432525635E0;4,406719851E1
9,820377583E0;-1,509667969E1;-4,053225708E1;-6,660644531E0;4,376228727E1
9,830419583E0;-1,532466125E1;-4,073219299E1;-6,513549805E0;4,400435342E1
9,840456333E0;-1,517311096E1;-4,046737671E1;-6,668395996E0;4,372984540E1
9,850498333E0;-1,535588074E1;-4,032737732E1;-6,913757324E0;4,370240811E1
9,860540333E0;-1,538172913E1;-4,038190460E1;-6,967987061E0;4,377040843E1
9,870582333E0;-1,545977783E1;-4,062115479E1;-6,737152100E0;4,398263481E1
9,880624333E0;-1,536167908E1;-4,074623108E1;-6,682342529E0;4,405553578E1
9,890666333E0;-1,561770630E1;-4,048944855E1;-6,522827148E0;4,388456981E1
9,900707333E0;-1,534928894E1;-4,028802490E1;-6,624877930E0;4,361897098E1
9,910749333E0;-1,542915344E1;-4,035116577E1;-6,380767822E0;4,366909151E1
9,920791333E0;-1,551466370E1;-4,060646057E1;-6,520019531E0;4,395566044E1
9,930833333E0;-1,583808899E1;-4,054126740E1;-5,934051514E0;4,392780887E1
9,940875333E0;-1,585803223E1;-4,045633698E1;-6,151092529E0;4,388653924E1
9,950916333E0;-1,593949890E1;-4,019445801E1;-5,566040039E0;4,359636317E1
9,960958333E0;-1,632635498E1;-4,014916229E1;-6,009887695E0;4,375641496E1
9,971000333E0;-1,600352478E1;-4,006819153E1;-5,888793945E0;4,354596045E1
9,981042333E0;-1,627267456E1;-4,012510681E1;-6,088745117E0;4,372524387E1
9,991084333E0;-1,631159973E1;-4,018704987E1;-5,789215088E0;4,375593987E1
1,000112533E1;-1,648951721E1;-4,028253937E1;-5,672729492E0;4,389495433E1
1,001116733E1;-1,692167664E1;-4,031944275E1;-5,263580322E0;4,404209216E1
1,002120933E1;-1,657919312E1;-4,049966431E1;-5,292846680E0;4,408068374E1
1,003125133E1;-1,693771362E1;-4,061994934E1;-5,054138184E0;4,429910541E1
1,004129333E1;-1,676878357E1;-4,066767883E1;-4,575714111E0;4,422656853E1
1,005133433E1;-1,686708069E1;-4,042626953E1;-4,449707031E0;4,402932627E1
1,006137633E1;-1,705914307E1;-4,052746582E1;-4,326873779E0;4,418383963E1
1,007141833E1;-1,706765747E1;-4,068933868E1;-3,731109619E0;4,428146783E1
1,008146033E1;-1,717811584E1;-4,056652069E1;-3,936187744E0;4,422921929E1
1,009150233E1;-1,718811035E1;-4,038169861E1;-3,387725830E0;4,401805773E1
1,010154333E1;-1,710385132E1;-4,060271454E1;-3,356262207E0;4,418581960E1
1,011158533E1;-1,745434570E1;-4,037651825E1;-3,102233887E0;4,409695301E1
1,012162733E1;-1,697528076E1;-4,060470581E1;-3,739776611E0;4,416886030E1
1,013166933E1;-1,720140076E1;-4,030601501E1;-3,040649414E0;4,392844845E1
1,014171133E1;-1,734193420E1;-4,024737549E1;-3,519042969E0;4,396564089E1
1,015175333E1;-1,748208618E1;-4,043058777E1;-3,249298096E0;4,416801674E1
1,016179433E1;-1,722566223E1;-4,049900818E1;-3,448486328E0;4,414504684E1
1,017183633E1;-1,726486206E1;-4,046726990E1;-3,619049072E0;4,414490810E1
1,018187833E1;-1,692694092E1;-4,039048004E1;-3,995574951E0;4,397586640E1
1,019192033E1;-1,715148926E1;-4,043952942E1;-3,729888916E0;4,408447793E1
1,020196233E1;-1,696446228E1;-4,018132782E1;-3,697387695E0;4,377216880E1
1,021200333E1;-1,717672729E1;-4,043424988E1;-3,400299072E0;4,406280242E1
1,022204533E1;-1,717175293E1;-4,041670990E1;-3,711944580E0;4,406992251E1
1,023208733E1;-1,737173462E1;-4,051304626E1;-3,332031250E0;4,420618185E1
1,024212933E1;-1,745463562E1;-4,014989471E1;-3,159545898E0;4,389374762E1
1,025217133E1;-1,754072571E1;-4,000244141E1;-2,827972412E0;4,377065004E1
1,026221233E1;-1,731234741E1;-3,984153748E1;-2,998443604E0;4,354372682E1
1,027225433E1;-1,746736145E1;-4,002193451E1;-2,593261719E0;4,374458783E1
1,028229633E1;-1,782127380E1;-3,980304718E1;-2,819061279E0;4,370157287E1
1,029233833E1;-1,803282166E1;-3,989749908E1;-2,572631836E0;4,385899594E1
1,030238033E1;-1,768450928E1;-3,991271210E1;-2,195098877E0;4,371023810E1
1,031242133E1;-1,780711365E1;-3,979225922E1;-2,125640869E0;4,364671281E1
1,032246333E1;-1,763900757E1;-3,993487549E1;-2,529479980E0;4,373016279E1
1,033250533E1;-1,764936829E1;-3,984243011E1;-1,884918213E0;4,361734007E1
1,034254733E1;-1,760079956E1;-3,988677979E1;-2,094879150E0;4,364781627E1
1,035258933E1;-1,752487183E1;-4,013037872E1;-1,658386230E0;4,382144080E1
1,036263033E1;-1,756684875E1;-3,998049927E1;-1,629364014E0;4,369999226E1
1,037267233E1;-1,763714600E1;-3,994041443E1;-2,070831299E0;4,371034164E1
1,038271433E1;-1,791242981E1;-3,992568970E1;-2,161376953E0;4,381309610E1
1,039275633E1;-1,787699890E1;-3,977455139E1;-1,793518066E0;4,364422912E1
1,040279833E1;-1,777488708E1;-3,967839050E1;-1,831634521E0;4,351638966E1
1,041284033E1;-1,803100586E1;-3,986663818E1;-1,484130859E0;4,377977452E1
1,042288133E1;-1,809786987E1;-3,968494415E1;-1,431701660E0;4,364031916E1
1,043292333E1;-1,824314880E1;-3,977045441E1;-1,409912109E0;4,377772692E1
1,044296533E1;-1,834069824E1;-3,977883148E1;-1,182891846E0;4,381935508E1
1,045300733E1;-1,830117798E1;-3,963373566E1;-9,098510742E-1;4,366456168E1
1,046304933E1;-1,812342834E1;-3,972104645E1;-4,475402832E-1;4,366257526E1
1,047309033E1;-1,803335571E1;-3,936629486E1;-1,226806641E-2;4,330019907E1
1,048313233E1;-1,846673584E1;-3,968873596E1;-5,668945312E-1;4,377827617E1
1,049317433E1;-1,851188660E1;-3,967662048E1;2,386474609E-2;4,378269896E1
1,050321633E1;-1,849000549E1;-3,965862274E1;1,404418945E-1;4,375735807E1
1,051325833E1;-1,854133606E1;-3,965250397E1;3,247985840E-1;4,377450980E1
1,052329933E1;-1,852015686E1;-3,952249908E1;1,235656738E-1;4,364675718E1
1,053334133E1;-1,881449890E1;-3,946308136E1;4,440307617E-2;4,371867028E1
1,054338333E1;-1,879740906E1;-3,933800507E1;-2,069396973E-1;4,359889969E1
1,055342533E1;-1,874380493E1;-3,958898926E1;4,085388184E-1;4,380394044E1
1,056346733E1;-1,841220093E1;-3,986657715E1;5,323791504E-1;4,391624465E1
1,057350833E1;-1,876818848E1;-3,960842896E1;3,060607910E-1;4,383111014E1
1,058355033E1;-1,883261108E1;-3,949211121E1;8,435058594E-2;4,375272795E1
1,059359233E1;-1,909474182E1;-3,970642853E1;4,311218262E-1;4,406126981E1
1,060363433E1;-1,874105835E1;-3,972608185E1;6,388244629E-1;4,392945417E1
1,061367633E1;-1,882101440E1;-3,972718048E1;4,095764160E-1;4,396188355E1
1,062371733E1;-1,846487427E1;-3,983244324E1;6,993408203E-1;4,390972778E1
1,063375933E1;-1,874142456E1;-3,972319794E1;6,868591309E-1;4,392772728E1